-- phpMyAdmin SQL Dump
-- version 4.9.5
-- https://www.phpmyadmin.net/
--
-- Host: localhost:3306
-- Generation Time: Aug 22, 2021 at 03:23 PM
-- Server version: 10.3.16-MariaDB
-- PHP Version: 7.3.23

SET SQL_MODE = "NO_AUTO_VALUE_ON_ZERO";
SET AUTOCOMMIT = 0;
START TRANSACTION;
SET time_zone = "+00:00";


/*!40101 SET @OLD_CHARACTER_SET_CLIENT=@@CHARACTER_SET_CLIENT */;
/*!40101 SET @OLD_CHARACTER_SET_RESULTS=@@CHARACTER_SET_RESULTS */;
/*!40101 SET @OLD_COLLATION_CONNECTION=@@COLLATION_CONNECTION */;
/*!40101 SET NAMES utf8mb4 */;

--
-- Database: `id14698746_bitm_newshop`
--

-- --------------------------------------------------------

--
-- Table structure for table `brands`
--

CREATE TABLE `brands` (
  `id` int(10) UNSIGNED NOT NULL,
  `brand_name` varchar(255) COLLATE utf8mb4_unicode_ci NOT NULL,
  `brand_description` text COLLATE utf8mb4_unicode_ci NOT NULL,
  `publication_status` tinyint(4) NOT NULL,
  `created_at` timestamp NULL DEFAULT NULL,
  `updated_at` timestamp NULL DEFAULT NULL
) ENGINE=InnoDB DEFAULT CHARSET=utf8mb4 COLLATE=utf8mb4_unicode_ci;

--
-- Dumping data for table `brands`
--

INSERT INTO `brands` (`id`, `brand_name`, `brand_description`, `publication_status`, `created_at`, `updated_at`) VALUES
(1, 'Acer', 'Acer', 1, '2021-06-16 03:38:32', '2021-06-16 03:38:32'),
(2, 'Asus', 'Asus', 1, '2021-06-16 03:38:55', '2021-06-16 03:38:55'),
(3, 'Dell', 'Dell', 1, '2021-06-16 03:39:09', '2021-06-16 03:39:09'),
(4, 'HP', 'HP', 1, '2021-06-16 03:39:44', '2021-06-16 03:39:44'),
(5, 'Lenovo', 'Lenovo', 1, '2021-06-16 03:39:57', '2021-06-16 03:39:57'),
(6, 'Apple', 'Apple', 1, '2021-06-16 03:42:40', '2021-06-16 03:42:40'),
(7, 'Microsoft', 'Microsoft', 1, '2021-06-16 03:42:54', '2021-06-16 03:42:54'),
(8, 'Lenovo', 'Lenovo', 1, '2021-06-16 03:43:02', '2021-06-16 03:43:02'),
(9, 'HUAWEI', 'HUAWEI', 1, '2021-06-16 03:43:12', '2021-06-16 03:43:12'),
(10, 'Amazon', 'Amazon', 1, '2021-06-16 03:43:28', '2021-06-16 03:43:28'),
(11, 'Keyboard', 'Keyboard', 1, '2021-06-16 03:44:20', '2021-06-16 03:44:20'),
(12, 'Mouse', 'Mouse', 1, '2021-06-16 03:44:29', '2021-06-16 03:44:29'),
(13, 'Headphone', 'Headphone', 1, '2021-06-16 03:44:38', '2021-06-16 03:44:38'),
(14, 'Tecnoware', 'Tecnoware', 1, '2021-06-16 10:09:52', '2021-06-16 10:09:52'),
(15, 'Samsung', 'Samsung', 1, '2021-06-16 10:12:04', '2021-06-16 10:12:04'),
(16, 'EPSON', 'EPSON', 1, '2021-06-16 10:17:35', '2021-06-16 10:17:35'),
(17, 'Canon', 'Canon', 1, '2021-06-16 10:21:35', '2021-06-16 10:21:35'),
(18, 'Nikon', 'Nikon', 1, '2021-06-16 10:21:46', '2021-06-16 10:21:46'),
(19, 'Panasonic', 'Panasonic', 1, '2021-06-16 10:21:57', '2021-06-16 10:21:57'),
(20, 'Sony', 'Sony', 1, '2021-06-16 10:22:08', '2021-06-16 10:22:08');

-- --------------------------------------------------------

--
-- Table structure for table `categories`
--

CREATE TABLE `categories` (
  `id` int(10) UNSIGNED NOT NULL,
  `category_name` varchar(255) COLLATE utf8mb4_unicode_ci NOT NULL,
  `category_description` text COLLATE utf8mb4_unicode_ci NOT NULL,
  `publication_status` tinyint(4) NOT NULL,
  `created_at` timestamp NULL DEFAULT NULL,
  `updated_at` timestamp NULL DEFAULT NULL
) ENGINE=InnoDB DEFAULT CHARSET=utf8mb4 COLLATE=utf8mb4_unicode_ci;

--
-- Dumping data for table `categories`
--

INSERT INTO `categories` (`id`, `category_name`, `category_description`, `publication_status`, `created_at`, `updated_at`) VALUES
(1, 'Desktop', 'This is desktop categories. You can find all desktop accessories here.', 1, '2021-06-16 02:42:05', '2021-06-16 03:28:53'),
(2, 'Laptop', 'This is laptop categories. You can find all laptop accessories here.', 1, '2021-06-16 02:42:25', '2021-06-16 03:32:16'),
(3, 'Monitor', 'Health & Beauty', 1, '2021-06-16 02:44:14', '2021-06-16 03:29:34'),
(4, 'UPS', 'TV & Home Appliances', 1, '2021-06-16 02:44:32', '2021-06-16 03:29:50'),
(5, 'Tablet', 'Babies & Toys', 1, '2021-06-16 02:44:47', '2021-06-16 03:30:09'),
(6, 'Office Equipment', 'Groceries & Pets', 1, '2021-06-16 02:44:58', '2021-06-16 03:30:26'),
(7, 'Camera', 'Home & Lifestyle', 1, '2021-06-16 02:45:12', '2021-06-16 03:30:42'),
(8, 'Accessories', 'Women Fashion', 1, '2021-06-16 03:16:16', '2021-06-16 03:30:59'),
(9, 'Software', 'Men Fashion', 0, '2021-06-16 03:16:36', '2021-06-16 04:39:09'),
(10, 'Server & Storage', 'Watches & Accessories', 0, '2021-06-16 03:16:49', '2021-06-16 04:39:27'),
(13, 'Printer', 'Printer', 0, '2021-06-16 10:17:10', '2021-06-16 10:28:43');

-- --------------------------------------------------------

--
-- Table structure for table `customers`
--

CREATE TABLE `customers` (
  `id` int(10) UNSIGNED NOT NULL,
  `first_name` varchar(255) COLLATE utf8mb4_unicode_ci NOT NULL,
  `last_name` varchar(255) COLLATE utf8mb4_unicode_ci NOT NULL,
  `email_address` varchar(255) COLLATE utf8mb4_unicode_ci NOT NULL,
  `password` varchar(255) COLLATE utf8mb4_unicode_ci NOT NULL,
  `phone` varchar(255) COLLATE utf8mb4_unicode_ci NOT NULL,
  `address` text COLLATE utf8mb4_unicode_ci NOT NULL,
  `created_at` timestamp NULL DEFAULT NULL,
  `updated_at` timestamp NULL DEFAULT NULL
) ENGINE=InnoDB DEFAULT CHARSET=utf8mb4 COLLATE=utf8mb4_unicode_ci;

--
-- Dumping data for table `customers`
--

INSERT INTO `customers` (`id`, `first_name`, `last_name`, `email_address`, `password`, `phone`, `address`, `created_at`, `updated_at`) VALUES
(1, 'Md. Afiqur', 'Rahman', 'rafihossain.sr@gmail.com', '$2y$10$pHM8MTC30v/dXnYEyH1aUOEXY3DkxWuKERLRHi4HFzNtcYtnUJd.m', '+8801770105856', 'Shahjadpur, Sirajgonj', '2021-06-20 03:14:04', '2021-06-20 03:14:04'),
(3, 'Md. Rubel', 'Islam', 'rubel@gmail.com', '$2y$10$phm4RYi3zBtHBEUa7iqYzus560diXXobJ0HtQjsZ9/I2JiRbLS/UK', '01789562354', 'Pabna, Rajshahi', '2021-06-20 03:32:33', '2021-06-20 03:32:33'),
(6, 'Rafi', 'Hossain', 'arrafi317087@gmail.com', '$2y$10$Vwf3muL8EcBB0Opo1PxAJeqW5NloHB0BUWLHVwAvkzYyKJyMP5y52', '01814311692', 'Sirajganj', '2021-06-21 19:54:19', '2021-06-21 19:54:19'),
(7, 'Unknown', 'Person', 'unknown@person.com', '$2y$10$3WP8PFnbynHEV/SDZxuR5eYVuHHly1AldFmSB3z1yYZ8LSF8LN3Ym', '01234567890', 'n/a', '2021-06-22 14:17:04', '2021-06-22 14:17:04'),
(8, 'asd', 'asdl', 'asd@asd.asd', '$2y$10$CxEmgkZuYH3Hl/Y7UsvT2.5/ZSYx8Zld9Pbw.BvVqNyUfmwRSKFx6', '123456', 'asawda', '2021-07-03 07:32:34', '2021-07-03 07:32:34'),
(9, 'zahid', 'hasan', 'zahid.hasansdf6@gmail.com', '$2y$10$o/RvF/uxsydYQ6xU3lq1IeGEIvDF5zNOrAR46VIowZ72yn/r63sOe', '09883749238', '21/S. DU R/A. North Nilkhet Dhaka.', '2021-08-15 10:19:11', '2021-08-15 10:19:11');

-- --------------------------------------------------------

--
-- Table structure for table `migrations`
--

CREATE TABLE `migrations` (
  `id` int(10) UNSIGNED NOT NULL,
  `migration` varchar(255) COLLATE utf8mb4_unicode_ci NOT NULL,
  `batch` int(11) NOT NULL
) ENGINE=InnoDB DEFAULT CHARSET=utf8mb4 COLLATE=utf8mb4_unicode_ci;

--
-- Dumping data for table `migrations`
--

INSERT INTO `migrations` (`id`, `migration`, `batch`) VALUES
(1, '2014_10_12_000000_create_users_table', 1),
(2, '2014_10_12_100000_create_password_resets_table', 1),
(3, '2021_06_10_080457_create_categories_table', 2),
(4, '2021_06_15_041802_create_brands_table', 3),
(5, '2021_06_15_055106_create_products_table', 4),
(6, '2021_06_18_015701_create_customers_table', 5),
(7, '2021_06_18_122740_create_shippings_table', 6),
(8, '2021_06_18_164350_create_orders_table', 7),
(9, '2021_06_18_164435_create_payments_table', 7),
(10, '2021_06_18_164514_create_order_details_table', 8);

-- --------------------------------------------------------

--
-- Table structure for table `orders`
--

CREATE TABLE `orders` (
  `id` int(10) UNSIGNED NOT NULL,
  `customer_id` int(11) NOT NULL,
  `shipping_id` int(11) NOT NULL,
  `order_total` double(10,2) NOT NULL,
  `order_status` varchar(255) COLLATE utf8mb4_unicode_ci NOT NULL DEFAULT 'Pending',
  `created_at` timestamp NULL DEFAULT NULL,
  `updated_at` timestamp NULL DEFAULT NULL
) ENGINE=InnoDB DEFAULT CHARSET=utf8mb4 COLLATE=utf8mb4_unicode_ci;

--
-- Dumping data for table `orders`
--

INSERT INTO `orders` (`id`, `customer_id`, `shipping_id`, `order_total`, `order_status`, `created_at`, `updated_at`) VALUES
(1, 1, 1, 311900.00, 'Pending', '2021-06-20 03:25:17', '2021-06-20 03:25:17'),
(2, 3, 2, 151000.00, 'Pending', '2021-06-20 03:36:05', '2021-06-20 03:36:05'),
(3, 8, 4, 103500.00, 'Pending', '2021-07-03 07:33:02', '2021-07-03 07:33:02'),
(4, 1, 5, 444500.00, 'Pending', '2021-08-16 03:51:50', '2021-08-16 03:51:50');

-- --------------------------------------------------------

--
-- Table structure for table `order_details`
--

CREATE TABLE `order_details` (
  `id` int(10) UNSIGNED NOT NULL,
  `order_id` int(11) NOT NULL,
  `product_id` int(11) NOT NULL,
  `product_name` varchar(255) COLLATE utf8mb4_unicode_ci NOT NULL,
  `product_price` double(10,2) NOT NULL,
  `product_quantity` int(11) NOT NULL,
  `created_at` timestamp NULL DEFAULT NULL,
  `updated_at` timestamp NULL DEFAULT NULL
) ENGINE=InnoDB DEFAULT CHARSET=utf8mb4 COLLATE=utf8mb4_unicode_ci;

--
-- Dumping data for table `order_details`
--

INSERT INTO `order_details` (`id`, `order_id`, `product_id`, `product_name`, `product_price`, `product_quantity`, `created_at`, `updated_at`) VALUES
(1, 1, 21, 'Sony A7 II ALPHA MIRRORLESS DIGITAL CAMERA (Only Body)', 88900.00, 1, '2021-06-20 03:25:17', '2021-06-20 03:25:17'),
(2, 1, 20, 'Panasonic Lumix GH5 20.3MP 4K Wi-Fi Bluetooth Touchscreen Mirrorless Camera With 12-60mm Lens', 120000.00, 1, '2021-06-20 03:25:17', '2021-06-20 03:25:17'),
(3, 1, 19, 'NIKON D7500 20.9 MP WITH 18-140MM LENS 4K WI-FI BLUETOOTH TOUCHSCREEN DSLR CAMERA', 103000.00, 1, '2021-06-20 03:25:17', '2021-06-20 03:25:17'),
(4, 2, 18, 'CANON EOS 750D 24.2 MP WITH 18-55MM IS STM LENS FULL HD WI-FI DSLR CAMERA', 48000.00, 1, '2021-06-20 03:36:05', '2021-06-20 03:36:05'),
(5, 2, 19, 'NIKON D7500 20.9 MP WITH 18-140MM LENS 4K WI-FI BLUETOOTH TOUCHSCREEN DSLR CAMERA', 103000.00, 1, '2021-06-20 03:36:05', '2021-06-20 03:36:05'),
(6, 3, 3, 'Apple iPad Pro 2021', 103500.00, 1, '2021-07-03 07:33:02', '2021-07-03 07:33:02'),
(7, 4, 21, 'Sony A7 II ALPHA MIRRORLESS DIGITAL CAMERA (Only Body)', 88900.00, 5, '2021-08-16 03:51:50', '2021-08-16 03:51:50');

-- --------------------------------------------------------

--
-- Table structure for table `password_resets`
--

CREATE TABLE `password_resets` (
  `email` varchar(255) COLLATE utf8mb4_unicode_ci NOT NULL,
  `token` varchar(255) COLLATE utf8mb4_unicode_ci NOT NULL,
  `created_at` timestamp NULL DEFAULT NULL
) ENGINE=InnoDB DEFAULT CHARSET=utf8mb4 COLLATE=utf8mb4_unicode_ci;

-- --------------------------------------------------------

--
-- Table structure for table `payments`
--

CREATE TABLE `payments` (
  `id` int(10) UNSIGNED NOT NULL,
  `order_id` int(11) NOT NULL,
  `payment_type` varchar(255) COLLATE utf8mb4_unicode_ci NOT NULL,
  `payment_status` varchar(255) COLLATE utf8mb4_unicode_ci NOT NULL DEFAULT 'Pending',
  `created_at` timestamp NULL DEFAULT NULL,
  `updated_at` timestamp NULL DEFAULT NULL
) ENGINE=InnoDB DEFAULT CHARSET=utf8mb4 COLLATE=utf8mb4_unicode_ci;

--
-- Dumping data for table `payments`
--

INSERT INTO `payments` (`id`, `order_id`, `payment_type`, `payment_status`, `created_at`, `updated_at`) VALUES
(1, 1, 'Cash', 'Pending', '2021-06-20 03:25:17', '2021-06-20 03:25:17'),
(2, 2, 'Cash', 'Pending', '2021-06-20 03:36:05', '2021-06-20 03:36:05'),
(3, 3, 'Cash', 'Pending', '2021-07-03 07:33:02', '2021-07-03 07:33:02'),
(4, 4, 'Cash', 'Pending', '2021-08-16 03:51:50', '2021-08-16 03:51:50');

-- --------------------------------------------------------

--
-- Table structure for table `products`
--

CREATE TABLE `products` (
  `id` int(10) UNSIGNED NOT NULL,
  `category_id` int(11) NOT NULL,
  `brand_id` int(11) NOT NULL,
  `product_name` varchar(255) COLLATE utf8mb4_unicode_ci NOT NULL,
  `product_price` double(10,2) NOT NULL,
  `product_quantity` int(11) NOT NULL,
  `short_description` text COLLATE utf8mb4_unicode_ci NOT NULL,
  `long_description` text COLLATE utf8mb4_unicode_ci NOT NULL,
  `product_image` text COLLATE utf8mb4_unicode_ci NOT NULL,
  `publication_status` tinyint(4) NOT NULL,
  `created_at` timestamp NULL DEFAULT NULL,
  `updated_at` timestamp NULL DEFAULT NULL
) ENGINE=InnoDB DEFAULT CHARSET=utf8mb4 COLLATE=utf8mb4_unicode_ci;

--
-- Dumping data for table `products`
--

INSERT INTO `products` (`id`, `category_id`, `brand_id`, `product_name`, `product_price`, `product_quantity`, `short_description`, `long_description`, `product_image`, `publication_status`, `created_at`, `updated_at`) VALUES
(1, 1, 5, 'Lenovo IdeaCentre 510 8th Gen Core i5 4GB RAM 1TB HDD Brand PC', 41000.00, 10, 'MPN: 90HU0087IN Model: Lenovo IdeaCentre 510 Intel Core i5-8400 (9M Cache, 2.80 GHz up to 4.00 GHz)Processor 4GB 2666MHz DDR4 RAM 1TB 7200 RPM HDD', '<h2>Lenovo IdeaCentre 510 8th Gen Core i5 4GB RAM 1TB HDD Brand PC</h2>\r\n\r\n<p>Lenovo IdeaCentre 510 brand PC comes with Intel core&nbsp;i5-8400 processor which frequency up to 4.00 GHz and cache memory 9M . Its 4GB DDR4 RAM make this an essential business desktop that also contains 1TB 7200RPM of SATA storage to ensure greater work ability. In its basic components include standard USB Keyboard &amp; mouse. In addition, it has Intel HD graphics with Intel B360 chipset and integrated gigabit LAN. It runs on free DOS operating system and also have DVD writer. Its 802.11bgn &amp; Bluetooth 4.0 ensures high speed network &amp; wireless connectivity and USB 3.0, USB 2.0, RJ-45, HDMI, VGA provides secure data transfer. This best-in-class security and manageability in a space-saving design comes with&nbsp;3 years of limited warranty facility.</p>\r\n\r\n<p>&nbsp;</p>\r\n\r\n<p>Best price is available for your dream desktop PC that can enrich the productivity of your business. Grab this unique mesh design with EMI facility in Chattagram, Rangpur, Dhaka, Khulna &amp; Sylhet. Order online to have the delivery at any destination in Bangladesh.</p>\r\n\r\n<h2>What is the price of Lenovo IdeaCentre 510 Core i5 Brand PC in Bangladesh?</h2>\r\n\r\n<p>The latest price of Lenovo IdeaCentre 510 Core i5 Brand PC in Bangladesh is 41,000৳. You can buy the Lenovo IdeaCentre 510 Core i5 Brand PC at best price from our website or visit any of our showrooms.</p>', 'product-image/Lenovo IdeaCentre 510 8th Gen Core i5 4GB RAM 1TB HDD Brand PC.jpg', 1, '2021-06-16 03:48:58', '2021-06-16 03:48:58'),
(2, 1, 3, 'Dell Optiplex 3060 Core i5 8th Gen Brand PC', 42000.00, 10, 'Model: Dell Optiplex 3060 Intel® Core™ i5-8500 (3.00 GHz up to 4.10 GHz) 4GB DDr4 Ram 1TB HDD', '<h2>Specification</h2>\r\n\r\n<table cellpadding=\"0\" cellspacing=\"0\">\r\n	<thead>\r\n		<tr>\r\n			<td colspan=\"3\">Basic Information</td>\r\n		</tr>\r\n	</thead>\r\n	<tbody>\r\n		<tr>\r\n			<td>Processor</td>\r\n			<td>Intel&reg; Core&trade; i5-8500 Processor( 9M Cache,3.00 GHz up to 4.10 GHz)</td>\r\n		</tr>\r\n		<tr>\r\n			<td>Motherboard</td>\r\n			<td>Intel H370 Chipset</td>\r\n		</tr>\r\n		<tr>\r\n			<td>RAM</td>\r\n			<td>4GB DDR4 2666 Mhz</td>\r\n		</tr>\r\n		<tr>\r\n			<td>Graphics Card</td>\r\n			<td>Intel Integrated Graphics</td>\r\n		</tr>\r\n		<tr>\r\n			<td>Storage</td>\r\n			<td>1TB HDD</td>\r\n		</tr>\r\n		<tr>\r\n			<td>Audio</td>\r\n			<td>It has Audio Jack</td>\r\n		</tr>\r\n		<tr>\r\n			<td>Power Supply</td>\r\n			<td>Standard 260W PSU Active PFC 260W typical 85% Efficient PSU (80 PLUS Bronze); ENERGY STAR compliant, Active PFC</td>\r\n		</tr>\r\n		<tr>\r\n			<td>Network &amp; Wireless Connectivity</td>\r\n			<td>LAN, Display Port - HDMI, Displayport, Audio Port - Combo, USB Port - 4 x USB3.1 Type-A, 4 x USB2.0 Type-A</td>\r\n		</tr>\r\n		<tr>\r\n			<td>Operating System</td>\r\n			<td>Free Dos</td>\r\n		</tr>\r\n	</tbody>\r\n	<thead>\r\n		<tr>\r\n			<td colspan=\"3\">Input Devices</td>\r\n		</tr>\r\n	</thead>\r\n	<tbody>\r\n		<tr>\r\n			<td>Keyboard</td>\r\n			<td>USB Keyboard</td>\r\n		</tr>\r\n		<tr>\r\n			<td>Mouse</td>\r\n			<td>USB Mouse</td>\r\n		</tr>\r\n		<tr>\r\n			<td>Optical Drive</td>\r\n			<td>Yes</td>\r\n		</tr>\r\n	</tbody>\r\n	<thead>\r\n		<tr>\r\n			<td colspan=\"3\">Warranty Information</td>\r\n		</tr>\r\n	</thead>\r\n	<tbody>\r\n		<tr>\r\n			<td>Warranty</td>\r\n			<td>03 years</td>\r\n		</tr>\r\n	</tbody>\r\n</table>\r\n\r\n<h2>Description</h2>\r\n\r\n<p>Dell Optiplex 3060 Core i5 Desktop PC With Intel Core&trade; i5-8500 Processor( 9M Cache,3.00 GHz up to 4.10 GHz). It has 4GB DDr4 2666Mhz Ram,1TB HDD. In additional, It has also Intel H370 Chipset,Intel Integrated Graphics, Standard Usb keyboard mouse and has LAN, Display Port - HDMI, Displayport, Audio Port - Combo, USB Port - 4 x USB3.1 Type-A, 4 x USB2.0 Type-A, Free Dos.<br />\r\n3 years Warranty</p>', 'product-image/Dell Optiplex 3060 Core i5 8th Gen Brand PC.jpg', 1, '2021-06-16 03:50:49', '2021-06-16 03:50:49'),
(3, 5, 6, 'Apple iPad Pro 2021', 103500.00, 3, 'MPN: MHNG3ZP/A Model: iPad Pro 12.9 Inch Liquid Retina XDR Display Processor: M1 (8 Cores) Screen Size: 12.9 Inch Storage: 128GB', '<h2>Specification</h2>\r\n\r\n<table cellpadding=\"0\" cellspacing=\"0\">\r\n	<thead>\r\n		<tr>\r\n			<td colspan=\"3\">Main Feature</td>\r\n		</tr>\r\n	</thead>\r\n	<tbody>\r\n		<tr>\r\n			<td>Display Type</td>\r\n			<td>Liquid Retina XDR display</td>\r\n		</tr>\r\n		<tr>\r\n			<td>Processor</td>\r\n			<td>M1</td>\r\n		</tr>\r\n		<tr>\r\n			<td>Size</td>\r\n			<td>12.9-inch</td>\r\n		</tr>\r\n		<tr>\r\n			<td>Resolution</td>\r\n			<td>2732 x 2048</td>\r\n		</tr>\r\n		<tr>\r\n			<td>Storage</td>\r\n			<td>128 GB</td>\r\n		</tr>\r\n		<tr>\r\n			<td>Operating System</td>\r\n			<td>iPadOS 14</td>\r\n		</tr>\r\n	</tbody>\r\n	<thead>\r\n		<tr>\r\n			<td colspan=\"3\">Physical Spec</td>\r\n		</tr>\r\n	</thead>\r\n	<tbody>\r\n		<tr>\r\n			<td>Dimensions</td>\r\n			<td>280.6 x 214.9 x 6.4 mm</td>\r\n		</tr>\r\n	</tbody>\r\n	<thead>\r\n		<tr>\r\n			<td colspan=\"3\">Camera</td>\r\n		</tr>\r\n	</thead>\r\n	<tbody>\r\n		<tr>\r\n			<td>Front</td>\r\n			<td>12 megapixels</td>\r\n		</tr>\r\n		<tr>\r\n			<td>Rear</td>\r\n			<td>12 + 10 Mp</td>\r\n		</tr>\r\n	</tbody>\r\n	<thead>\r\n		<tr>\r\n			<td colspan=\"3\">Battery</td>\r\n		</tr>\r\n	</thead>\r\n	<tbody>\r\n		<tr>\r\n			<td>Type</td>\r\n			<td>Li-polymer</td>\r\n		</tr>\r\n		<tr>\r\n			<td>Capacity</td>\r\n			<td>41 Wh</td>\r\n		</tr>\r\n	</tbody>\r\n	<thead>\r\n		<tr>\r\n			<td colspan=\"3\">Special Features</td>\r\n		</tr>\r\n	</thead>\r\n	<tbody>\r\n		<tr>\r\n			<td>Bluetooth</td>\r\n			<td>Yes</td>\r\n		</tr>\r\n		<tr>\r\n			<td>USB</td>\r\n			<td>USB-C 4 (Thunderbolt 3)</td>\r\n		</tr>\r\n		<tr>\r\n			<td>WLAN</td>\r\n			<td>Yes</td>\r\n		</tr>\r\n	</tbody>\r\n	<thead>\r\n		<tr>\r\n			<td colspan=\"3\">Warranty</td>\r\n		</tr>\r\n	</thead>\r\n	<tbody>\r\n		<tr>\r\n			<td>Warranty</td>\r\n			<td>01 Year International Warranty</td>\r\n		</tr>\r\n	</tbody>\r\n</table>\r\n\r\n<h2>Description</h2>\r\n\r\n<h2>Apple iPad Pro 2021 MHNG3ZP/A 12.9 Inch Wi-Fi 128GB - Silver</h2>\r\n\r\n<h2>The ultimate iPad experience. Now with breakthrough M1 performance, a breathtaking XDR display. Buckle up. With M1, iPad Pro is the fastest device of its kind. It&rsquo;s designed to take full advantage of next‑level performance and custom technologies like the advanced image signal processor and unified memory architecture of M1. And with the incredible power efficiency of M1, iPad Pro is still thin and light with all‑day battery life, making it as portable as it is powerful. The 8‑core CPU of M1 delivers up to 50 percent faster performance. And M1 has an 8‑core GPU in a class of its own, providing up to 40 percent faster graphics performance to iPad Pro. So you can build intricate AR models, play games with console‑quality graphics at high frame rates, and more.</h2>\r\n\r\n<h3>Liquid RetinaXDR display</h3>\r\n\r\n<p>The Liquid Retina XDR display delivers true-to-life detail with a 1,000,000:1 contrast ratio, great for viewing and editing HDR photos and videos or enjoying your favorite movies and TV shows. It also features a breathtaking 1000 nits of full‑screen brightness and 1600 nits of peak brightness. And advanced display technologies like P3 wide color, True Tone, and ProMotion. To achieve extremely high brightness, we used an array of LEDs across the entire back of the display. To fit them in the incredibly thin iPad Pro, we used custom‑designed mini‑LEDs that are 120 times smaller than the previous generation. And custom optical films and diffusers mix the light more efficiently so it can fit in a design that&rsquo;s just 6.4mm thin. Over 10,000 mini‑LEDs are grouped into more than 2500 local dimming zones. Depending on the content, the brightness in each zone can be precisely adjusted to achieve an astonishing 1,000,000:1 contrast ratio. Even the most detailed HDR content with the finest specular highlights &mdash; like galaxies and action movie explosions &mdash; are more true to life than ever.</p>\r\n\r\n<h3>Wi‑Fi 6</h3>\r\n\r\n<p>Fast wireless connections are critical to getting things done. With Wi‑Fi 6, rest assured that you&rsquo;ve got the fastest Wi‑Fi available.</p>\r\n\r\n<h3>Cameras</h3>\r\n\r\n<p>iPad Pro features a new Ultra Wide camera with a 12MP sensor and a 122‑degree field of view, making it perfect for FaceTime and the new Center Stage feature. It&rsquo;s also great for epic Portrait mode selfies. And it works with the TrueDepth camera to securely unlock iPad Pro with Face ID. The all‑new Center Stage uses the Ultra Wide camera and machine learning to change the way you participate in video calls. As you move around, it automatically pans to keep you centered in the frame. When others join in or leave the call, the view expands or zooms in. Center Stage works with FaceTime and other video conferencing apps for an even more engaging experience. Wide and Ultra Wide cameras help you capture the perfect photo or video, or even set up a multicamera filmmaking rig. And with the more powerful ISP in the M1 chip, iPad Pro now features Smart HDR 3. The LiDAR Scanner measures how long it takes light to reflect back from objects, so it can create a depth map of any space you&rsquo;re in and unlock immersive AR experiences. And it works with the powerful ISP to more accurately focus images and videos in low‑light conditions and reduce capture time.</p>\r\n\r\n<h3>Thunderbolt</h3>\r\n\r\n<p>Now with Thunderbolt, this is the fastest, most versatile port ever on iPad. It works with existing USB‑C connectors and opens up an extensive ecosystem of high‑performance accessories for iPad Pro &mdash; like fast external storage, displays, and docks. Transfer huge assets or even drive the Pro Display XDR at full 6K resolution.</p>\r\n\r\n<h3>Magic Keyboard, Apple Pencil</h3>\r\n\r\n<p>Apple Pencil, Magic Keyboard, and the Smart Keyboard Folio open up even more ways to use iPad Pro. Draw a masterpiece, take notes, or knock out a business plan. These versatile accessories are designed to take your work and creativity to the next level. With the power of Apple Pencil, iPad Pro transforms into an immersive drawing canvas and the world&rsquo;s best note‑taking device. It sets the standard for how drawing, marking up documents, and even filling in text fields should feel &mdash; intuitive, precise, and magical. Magic Keyboard features a responsive typing experience and a built‑in trackpad that gives you new ways to work with iPadOS. So you can write your novel, crank out a term paper, or rip through your inbox. And with backlit keys, you can get things done in any light.</p>\r\n\r\n<h3>Smooth Operating System</h3>\r\n\r\n<p>iPadOS builds on the same powerful foundation as iOS, while offering distinct experiences designed for the capabilities of iPad. Multitask effortlessly with touch or navigate the system with a trackpad. And with iPadOS 14, you can do even more, like copy and paste handwritten notes as text and write in any text field with Scribble.</p>\r\n\r\n<h2>What is the price of Apple iPad Pro 12.9 Inch 128GB Silver in Bangladesh?</h2>\r\n\r\n<p>The latest price of Apple iPad Pro 12.9 Inch 128GB Silver in Bangladesh is 103,500৳. You can buy the Apple iPad Pro 12.9 Inch 128GB Silver at best price from our website or visit any of our showrooms.</p>', 'product-image/Apple iPad Pro 2021.jpg', 1, '2021-06-16 04:06:54', '2021-06-16 04:06:54'),
(4, 5, 7, 'Microsoft Surface Pro 7 10th Gen Core i5 8GB Ram 128GB SSD Touch Display Notebook with Win 10', 99000.00, 5, 'MPN: VDV-00012 Model: Microsoft Surface Pro 7 Intel Core i5-1035G4 Processor (6 MB Cache, up to 3.70 GHz) Screen: 12.3” PixelSense Display Resolution: 2736 x 1824 (267 PPI) 8GB RAM & 128GB SSD', '<h2>Specification</h2>\r\n\r\n<table cellpadding=\"0\" cellspacing=\"0\">\r\n	<thead>\r\n		<tr>\r\n			<td colspan=\"3\">Basic Information</td>\r\n		</tr>\r\n	</thead>\r\n	<tbody>\r\n		<tr>\r\n			<td>Processor</td>\r\n			<td>Quad-core 10th Gen Intel Core i5-1035G4 Processor (6 MB Cache, 1.10 GHz up to 3.70 GHz)<br />\r\n			&nbsp;</td>\r\n		</tr>\r\n		<tr>\r\n			<td>Display</td>\r\n			<td>Screen: 12.3&rdquo; PixelSense Display<br />\r\n			Resolution: 2736 x 1824 (267 PPI)<br />\r\n			Aspect ratio: 3:2<br />\r\n			Touch: 10 point multi-touch</td>\r\n		</tr>\r\n		<tr>\r\n			<td>Memory</td>\r\n			<td>8GB LPDDR4x RAM</td>\r\n		</tr>\r\n		<tr>\r\n			<td>Storage</td>\r\n			<td>128GB SSD</td>\r\n		</tr>\r\n		<tr>\r\n			<td>Graphics</td>\r\n			<td>Intel Iris Plus Graphics</td>\r\n		</tr>\r\n		<tr>\r\n			<td>Operating System</td>\r\n			<td>Windows 10</td>\r\n		</tr>\r\n		<tr>\r\n			<td>Battery</td>\r\n			<td>Up to 10.5 hours of typical device usage</td>\r\n		</tr>\r\n		<tr>\r\n			<td>Adapter</td>\r\n			<td>1 x Surface Connect port</td>\r\n		</tr>\r\n		<tr>\r\n			<td>Audio</td>\r\n			<td>Dual far-field Studio Mics<br />\r\n			1.6W stereo speakers with Dolby Audio Premium</td>\r\n		</tr>\r\n		<tr>\r\n			<td>Special Feature</td>\r\n			<td>Sensors:<br />\r\n			Ambient light sensor<br />\r\n			Accelerometer<br />\r\n			Gyroscope<br />\r\n			Magnetometer<br />\r\n			Connections:<br />\r\n			Surface Type Cover port</td>\r\n		</tr>\r\n	</tbody>\r\n	<thead>\r\n		<tr>\r\n			<td colspan=\"3\">Input Devices</td>\r\n		</tr>\r\n	</thead>\r\n	<tbody>\r\n		<tr>\r\n			<td>Keyboard</td>\r\n			<td>Virtual</td>\r\n		</tr>\r\n		<tr>\r\n			<td>Optical Drive</td>\r\n			<td>No</td>\r\n		</tr>\r\n		<tr>\r\n			<td>WebCam</td>\r\n			<td>Windows Hello face authentication camera (front-facing)<br />\r\n			5.0MP front-facing camera with 1080p full HD video<br />\r\n			8.0MP rear-facing autofocus camera with 1080p full HD video</td>\r\n		</tr>\r\n		<tr>\r\n			<td>Card Reader</td>\r\n			<td>MicroSDXC card reader</td>\r\n		</tr>\r\n	</tbody>\r\n	<thead>\r\n		<tr>\r\n			<td colspan=\"3\">Network &amp; Wireless Connectivity</td>\r\n		</tr>\r\n	</thead>\r\n	<tbody>\r\n		<tr>\r\n			<td>Wi-Fi</td>\r\n			<td>Wi-Fi 6: 802.11ax compatible</td>\r\n		</tr>\r\n		<tr>\r\n			<td>Bluetooth</td>\r\n			<td>Bluetooth Wireless 5.0 technology</td>\r\n		</tr>\r\n	</tbody>\r\n	<thead>\r\n		<tr>\r\n			<td colspan=\"3\">Ports, Connectors &amp; Slots</td>\r\n		</tr>\r\n	</thead>\r\n	<tbody>\r\n		<tr>\r\n			<td>USB (s)</td>\r\n			<td>1 x USB-C<br />\r\n			1 x USB-A</td>\r\n		</tr>\r\n		<tr>\r\n			<td>Audio Jack Combo</td>\r\n			<td>3.5 mm headphone jack</td>\r\n		</tr>\r\n		<tr>\r\n			<td>Extra M.2 Slot</td>\r\n			<td>N/A</td>\r\n		</tr>\r\n	</tbody>\r\n	<thead>\r\n		<tr>\r\n			<td colspan=\"3\">Physical Specification</td>\r\n		</tr>\r\n	</thead>\r\n	<tbody>\r\n		<tr>\r\n			<td>Dimensions (W x D x H)</td>\r\n			<td>292 mm x 201 mm x 8.5 mm</td>\r\n		</tr>\r\n		<tr>\r\n			<td>Weight</td>\r\n			<td>775 g</td>\r\n		</tr>\r\n	</tbody>\r\n	<thead>\r\n		<tr>\r\n			<td colspan=\"3\">Warranty</td>\r\n		</tr>\r\n	</thead>\r\n	<tbody>\r\n		<tr>\r\n			<td>Manufacturing Warranty</td>\r\n			<td>01 year Warranty</td>\r\n		</tr>\r\n	</tbody>\r\n</table>\r\n\r\n<h2>Description</h2>\r\n\r\n<h2>Microsoft Surface Pro 7 10th Gen Core i5 8GB Ram 128GB SSD&nbsp; Touch Display Notebook with Win 10</h2>\r\n\r\n<p>More powerful than ever, Surface Pro 7 features a powerful Intel Core processor, improved battery and graphics, and more multitasking connections. Work and play virtually anywhere. With tablet-to-laptop versatility and better connectivity with USB-C and USB-A ports, ultra-slim and light Surface Pro 7 adapts to you. For a full laptop anywhere, personalize Surface Pro 7 with our Signature Type Cover, Surface Pen, and Surface Arc Mouse which are all in rich colors you can mix or match. Wherever you go, whatever you do, fuel your ideas with the power of next-gen Surface Pro 7 standing ready. With its powerful Intel Core processor, Fast Charging, all-day battery and Instant On, get back to work whenever inspiration strikes. Open the Type Cover and get back to work faster with Instant On and wake on open; also, standby that extends your battery when you&rsquo;re away. Powered by a 10th Gen Intel Core processor, Surface Pro 7 keeps up with you and with more multitasking speed, stunning entertainment, incredible Wi-Fi performance, and all-day battery life.</p>', 'product-image/Microsoft Surface Pro 7 10th Gen Core i5 8GB Ram 128GB SSD Touch Display Notebook with Win 10.jpg', 1, '2021-06-16 04:09:30', '2021-06-16 04:09:30'),
(5, 5, 5, 'Lenovo Tab M10 2GB RAM 16GB Storage Wi-Fi 4G LTE HD Tablet', 22000.00, 4, 'Key Features MPN: TB-X505X Model: Lenovo Tab M10 CPU Type: Qualcomm Snapdragon 429 Resolution: 1280 x 800 pixels 2 GB RAM, 16 GB ROM, Dolby Atmos Non removable Li-ion 4850 mAh Battery', '<h2>Specification</h2>\r\n\r\n<table cellpadding=\"0\" cellspacing=\"0\">\r\n	<thead>\r\n		<tr>\r\n			<td colspan=\"3\">Main Feature</td>\r\n		</tr>\r\n	</thead>\r\n	<tbody>\r\n		<tr>\r\n			<td>Display Type</td>\r\n			<td>IPS</td>\r\n		</tr>\r\n		<tr>\r\n			<td>Processor</td>\r\n			<td>Qualcomm Snapdragon 429</td>\r\n		</tr>\r\n		<tr>\r\n			<td>Size</td>\r\n			<td>10.1 Inch</td>\r\n		</tr>\r\n		<tr>\r\n			<td>Resolution</td>\r\n			<td>HD (1366x768)</td>\r\n		</tr>\r\n		<tr>\r\n			<td>Ram</td>\r\n			<td>2GB</td>\r\n		</tr>\r\n		<tr>\r\n			<td>Storage</td>\r\n			<td>Up to 16GB storage ( Add up to 256 GB microSD (dedicated slot))</td>\r\n		</tr>\r\n		<tr>\r\n			<td>Operating System</td>\r\n			<td>Android Pie (9.0 )</td>\r\n		</tr>\r\n	</tbody>\r\n	<thead>\r\n		<tr>\r\n			<td colspan=\"3\">Physical Spec</td>\r\n		</tr>\r\n	</thead>\r\n	<tbody>\r\n		<tr>\r\n			<td>Dimensions</td>\r\n			<td>168 x 242 x 8.1 mm</td>\r\n		</tr>\r\n		<tr>\r\n			<td>Weight</td>\r\n			<td>480 g</td>\r\n		</tr>\r\n		<tr>\r\n			<td>SIM</td>\r\n			<td>Nano SIM Card ( Single Slot )</td>\r\n		</tr>\r\n	</tbody>\r\n	<thead>\r\n		<tr>\r\n			<td colspan=\"3\">Camera</td>\r\n		</tr>\r\n	</thead>\r\n	<tbody>\r\n		<tr>\r\n			<td>Front</td>\r\n			<td>2 MP Fixed Focus</td>\r\n		</tr>\r\n		<tr>\r\n			<td>Rear</td>\r\n			<td>Rear: 5 MP Auto-Focus</td>\r\n		</tr>\r\n		<tr>\r\n			<td>Video</td>\r\n			<td>Supports up to 1080p@30fps</td>\r\n		</tr>\r\n	</tbody>\r\n	<thead>\r\n		<tr>\r\n			<td colspan=\"3\">Battery</td>\r\n		</tr>\r\n	</thead>\r\n	<tbody>\r\n		<tr>\r\n			<td>Type</td>\r\n			<td>Non-removable Li-Polymar</td>\r\n		</tr>\r\n		<tr>\r\n			<td>Capacity</td>\r\n			<td>4850 mAh</td>\r\n		</tr>\r\n	</tbody>\r\n	<thead>\r\n		<tr>\r\n			<td colspan=\"3\">Special Features</td>\r\n		</tr>\r\n	</thead>\r\n	<tbody>\r\n		<tr>\r\n			<td>Bluetooth</td>\r\n			<td>Bluetooth 4.2</td>\r\n		</tr>\r\n		<tr>\r\n			<td>GPS</td>\r\n			<td>GPS, A-GPS</td>\r\n		</tr>\r\n		<tr>\r\n			<td>USB</td>\r\n			<td>micro USB 2.0</td>\r\n		</tr>\r\n		<tr>\r\n			<td>WLAN</td>\r\n			<td>Wifi 802.11 b/g/n Single Channel ( 2.4 GHz &amp; 5 GHz )</td>\r\n		</tr>\r\n	</tbody>\r\n</table>\r\n\r\n<h2>Description</h2>\r\n\r\n<h2>Lenovo Tab M10 2GB RAM 16GB Storage Wi-Fi 4G LTE HD Tablet</h2>\r\n\r\n<p>Treat your eyes to something truly special. The Tab M10&#39;s 10.1&quot; HD display captures everything from the intensity of an action scene to the beautiful details in family photos. At just 8.1 mm thin and 480 g, the Tab M10 is a delight to hold and fits easily into your satchel or backpack. It&#39;s built to be taken anywhere without weighing you down. Immerse yourself in booming sound when you enjoy music, movies, shows, and videos. Its dual front speakers and Dolby Atmos support mean you can enjoy a theater-like audio experience wherever you go. Add in the optional Kid&rsquo;s Pack to keep your children&mdash;and your device&mdash;safe, thanks to a custom shock-resistant bumper and special kid&rsquo;s mode that features up-to-date and curated children&rsquo;s content.</p>\r\n\r\n<p>The&nbsp;Lenovo Tab M10 Tablet has 1 Year Warranty.</p>\r\n\r\n<h2>What is the price of Lenovo Tab M10 Tablet in Bangladesh?</h2>\r\n\r\n<p>The latest price of Lenovo Tab M10 Tablet in Bangladesh is 22,000৳. You can buy the Lenovo Tab M10 Tablet at best price from our website or visit any of our showrooms.</p>', 'product-image/Lenovo Tab M10 2GB RAM 16GB Storage Wi-Fi 4G LTE HD Tablet.jpg', 1, '2021-06-16 04:10:53', '2021-06-16 04:10:53'),
(6, 5, 9, 'Huawei MatePad T10 2GB Ram LCD Tablet', 16999.00, 2, 'Key Features Model: MatePad T10 (Wi-Fi) Hisilicon Kirin 710A Octa Core Processor 10.1 Inch HD (1280 x 800) Display 2GB Ram, 32GB Rom 5MP Back & 2MP Front Camera', '<h2>Specification</h2>\r\n\r\n<table cellpadding=\"0\" cellspacing=\"0\">\r\n	<thead>\r\n		<tr>\r\n			<td colspan=\"3\">Main Feature</td>\r\n		</tr>\r\n	</thead>\r\n	<tbody>\r\n		<tr>\r\n			<td>Display Type</td>\r\n			<td>IPS LCD capacitive touchscreen (~ 80.0% screen ratio to the body), 16 Million colors, by 16:10 (~ 280 Pixels per inch)</td>\r\n		</tr>\r\n		<tr>\r\n			<td>Processor</td>\r\n			<td>Hisilicon Kirin 710A Octa Core Processor</td>\r\n		</tr>\r\n		<tr>\r\n			<td>Size</td>\r\n			<td>10.1&quot; Inch</td>\r\n		</tr>\r\n		<tr>\r\n			<td>Resolution</td>\r\n			<td>1200 x 1920 Display</td>\r\n		</tr>\r\n		<tr>\r\n			<td>Ram</td>\r\n			<td>2GB</td>\r\n		</tr>\r\n		<tr>\r\n			<td>Storage</td>\r\n			<td>32GB</td>\r\n		</tr>\r\n		<tr>\r\n			<td>Operating System</td>\r\n			<td>Androind 10</td>\r\n		</tr>\r\n		<tr>\r\n			<td>Others</td>\r\n			<td>Color: Deepsea Blue</td>\r\n		</tr>\r\n	</tbody>\r\n	<thead>\r\n		<tr>\r\n			<td colspan=\"3\">Physical Spec</td>\r\n		</tr>\r\n	</thead>\r\n	<tbody>\r\n		<tr>\r\n			<td>Dimensions</td>\r\n			<td>240.2 x 159 x 7.85 mm - 9.45 x 6.25 x 0.30 inch</td>\r\n		</tr>\r\n		<tr>\r\n			<td>Weight</td>\r\n			<td>450 gram - 15.87 ounce</td>\r\n		</tr>\r\n		<tr>\r\n			<td>SIM</td>\r\n			<td>Nano SIM - Dual SIM (dual standby)</td>\r\n		</tr>\r\n	</tbody>\r\n	<thead>\r\n		<tr>\r\n			<td colspan=\"3\">Camera</td>\r\n		</tr>\r\n	</thead>\r\n	<tbody>\r\n		<tr>\r\n			<td>Front</td>\r\n			<td>2 Mp Front Facing camera</td>\r\n		</tr>\r\n		<tr>\r\n			<td>Rear</td>\r\n			<td>5 Mp autofocus rear camera</td>\r\n		</tr>\r\n		<tr>\r\n			<td>Video</td>\r\n			<td>1080 Pixels، 30 Frames per second</td>\r\n		</tr>\r\n	</tbody>\r\n	<thead>\r\n		<tr>\r\n			<td colspan=\"3\">Battery</td>\r\n		</tr>\r\n	</thead>\r\n	<tbody>\r\n		<tr>\r\n			<td>Type</td>\r\n			<td>5100 mAh Battery</td>\r\n		</tr>\r\n	</tbody>\r\n	<thead>\r\n		<tr>\r\n			<td colspan=\"3\">Special Features</td>\r\n		</tr>\r\n	</thead>\r\n	<tbody>\r\n		<tr>\r\n			<td>Bluetooth</td>\r\n			<td>5.1, A2DP, LE</td>\r\n		</tr>\r\n		<tr>\r\n			<td>GPS</td>\r\n			<td>A-GPS, GLONASS, GALILEO, BDS, QZSS</td>\r\n		</tr>\r\n		<tr>\r\n			<td>Sensors</td>\r\n			<td>Acceleration, gyro, proximity, compass</td>\r\n		</tr>\r\n		<tr>\r\n			<td>USB</td>\r\n			<td>3.1, Type-C 1.0 reversible connector, USB On-The-Go</td>\r\n		</tr>\r\n	</tbody>\r\n	<thead>\r\n		<tr>\r\n			<td colspan=\"3\">Warranty</td>\r\n		</tr>\r\n	</thead>\r\n	<tbody>\r\n		<tr>\r\n			<td>Warranty</td>\r\n			<td>01 Year Warranty</td>\r\n		</tr>\r\n	</tbody>\r\n</table>\r\n\r\n<h2>Description</h2>\r\n\r\n<h2>Huawei MatePad T10, 2GB Ram, 32GB Rom Wi-Fi 10.1&quot; IPS LCD Tablet</h2>\r\n\r\n<p>The Huawei MatePad T 10 offers a 10.1-inch HD display, delicately packed in its elegant and compact design with its light and portable body. Here, The dual-speaker system of HUAWEI MatePad T 10 delivers symmetrical audio from both sides, for you to indulge in a stronger and more even sound field.</p>\r\n\r\n<p>This latest IPS LCD Tablet featured with 10.1 Inch 1200 x 1920 Display, Wi-Fi, 5100 mAh Battery, 5 Mp autofocus rear camera, 2 Mp Front Facing camera, Kirin 710A Octa Core Processor, 2GB RAM, 32GB Storage Expandable upto 512GB, Androind 10 &amp; EMUI 10.1. Supported by HUAWEI Histen 6.1 technology, from crisp highs, refined midranges to powerful, punchy bass, the sound stays consistently with vibrant musical details. In this Tablet, Huawei App Multiplier enables the tablet to show two windows of the same app when held horizontally and also can adjust the size of left and right windows for your convenience, for instance, scrolling through online shopping items while checking design details with enlarged pictures in parallel, or reading news with relevant reports by the side for reference. Here used T&Uuml;V Rheinland certified Eye Comfort that reduce harmful blue light, this tablet offers better eye comfort for your daily use. You can also choose eBook mode for an enjoyable experience close to reading books, And also Dark mode for a softer display effect with reduced light contrast for your viewing pleasure.&nbsp;This new The Huawei MatePad T 10 has 01 Year Warranty</p>', 'product-image/Huawei MatePad T10 2GB Ram LCD Tablet.jpg', 1, '2021-06-16 04:12:59', '2021-06-16 04:12:59'),
(7, 8, 11, 'A4TECH FK11 USB Mini Keyboard With Bangla Black', 799.00, 100, 'Key Features Model: FK11 Sleek Round-Square Keycaps Multimedia Hot Keys Access Drain Holes Design English with Bangla front on keys', '<h2>Specification</h2>\r\n\r\n<table cellpadding=\"0\" cellspacing=\"0\">\r\n	<thead>\r\n		<tr>\r\n			<td colspan=\"3\">Main Features</td>\r\n		</tr>\r\n	</thead>\r\n	<tbody>\r\n		<tr>\r\n			<td>Type</td>\r\n			<td>Mini Keyboard</td>\r\n		</tr>\r\n		<tr>\r\n			<td>Wired/Wireless</td>\r\n			<td>Wired</td>\r\n		</tr>\r\n		<tr>\r\n			<td>Keys</td>\r\n			<td>Sleek Round-Square Keycaps<br />\r\n			Keycaps: Sleek Round-Square<br />\r\n			Hotkeys: 12 Multimedia Hot Keys<br />\r\n			Laser Inscribed Keys</td>\r\n		</tr>\r\n		<tr>\r\n			<td>Interface</td>\r\n			<td>USB</td>\r\n		</tr>\r\n	</tbody>\r\n	<thead>\r\n		<tr>\r\n			<td colspan=\"3\">Physical Attribute</td>\r\n		</tr>\r\n	</thead>\r\n	<tbody>\r\n		<tr>\r\n			<td>System Requirements</td>\r\n			<td>Windows 7 / 8 / 8.1 / 10</td>\r\n		</tr>\r\n		<tr>\r\n			<td>Color</td>\r\n			<td>Black</td>\r\n		</tr>\r\n	</tbody>\r\n	<thead>\r\n		<tr>\r\n			<td colspan=\"3\">Warranty Information</td>\r\n		</tr>\r\n	</thead>\r\n	<tbody>\r\n		<tr>\r\n			<td>Warranty</td>\r\n			<td>01 year warranty</td>\r\n		</tr>\r\n	</tbody>\r\n</table>\r\n\r\n<h2>Description</h2>\r\n\r\n<h2>A4TECH FK11 USB Mini Keyboard With Bangla Black</h2>\r\n\r\n<p>The A4TECH FK11 USB Mini Keyboard featured with Sleek Round-Square Keycaps, Drain Holes Design, High-Elasticity Silicon. In this Mini Keyboard, the Sleek Round Square keycaps enhances your typing area for accurate typing. This keyboard is also designed with Multimedia Hot Keys Access, so that One touch to access 12 multimedia &amp; internet functions with FN+ F1 to F12 and It will ensure you will never loose key identity. The keyboard is also featured with Hotkeys: 12, Character: Laser Engraving, Splash Proof: Yes, Adjustable Keyboard Legs: Yes, Rating: 5 V / 100 mA, Cable: 150 cm, Port: USB. Here, the drain holes are designed to prevent the keyboard from liquid spill off, High-elasticity silicon membrane for fresh and comfort typing experience. It is compatible with Windows 7 / 8 / 8.1 / 10 operating system. This A4tech FK11 Mini Keyboard has 01 year warranty.</p>\r\n\r\n<h2>What is the price of A4TECH FK11 Mini Keyboard in Bangladesh?</h2>\r\n\r\n<p>The latest price of A4TECH FK11 Mini Keyboard in Bangladesh is 799৳. You can buy the A4TECH FK11 Mini Keyboard at best price from our website or visit any of our showrooms.</p>', 'product-image/A4TECH FK11 USB Mini Keyboard With Bangla Black.jpg', 1, '2021-06-16 04:15:33', '2021-06-16 04:15:33'),
(8, 8, 12, 'A4TECH G3-200N V-TRACK Wireless Mouse', 650.00, 100, 'Key Features Model: G3-200N Resolution: 1000 dpi Air Interface: 2.4 GHz Radius: 10 m Warranty 1 Year', '<h2>Description</h2>\r\n\r\n<p>A4TECH&nbsp;G3-200N V-TRACK Wireless Mouse</p>\r\n\r\n<ul>\r\n	<li>Sensor Type: V-Track</li>\r\n	<li>Resolution: 1000 dpi</li>\r\n	<li>Interface: USB 2.0</li>\r\n	<li>Air Interface: 2.4 GHz</li>\r\n	<li>Radius: 10 m</li>\r\n	<li>Power supply: 1 AA battery</li>\r\n	<li>Compatibility: Windows 2000, XP, 2003, Vista, Win 7</li>\r\n	<li>Color: Black, Blue, Orange</li>\r\n	<li>1 Year Warranty</li>\r\n</ul>', 'product-image/A4TECH G3-200N V-TRACK Wireless Mouse.jpg', 1, '2021-06-16 04:16:33', '2021-06-16 04:16:33'),
(9, 8, 13, 'HAVIT HV-H2178D 3.5mm Wired Headphone', 550.00, 20, 'Key Features Model: HAVIT HV-H2178D Frequency: 20Hz to 20KHz Sensitivity: 110 dB ± 3 dB Cable Length: 4ft+-10%', '<h2>Specification</h2>\r\n\r\n<table cellpadding=\"0\" cellspacing=\"0\">\r\n	<thead>\r\n		<tr>\r\n			<td colspan=\"3\">Physical Specification</td>\r\n		</tr>\r\n	</thead>\r\n	<tbody>\r\n		<tr>\r\n			<td>Cable Length</td>\r\n			<td>4ft+-10%</td>\r\n		</tr>\r\n	</tbody>\r\n	<thead>\r\n		<tr>\r\n			<td colspan=\"3\">Technical Specification</td>\r\n		</tr>\r\n	</thead>\r\n	<tbody>\r\n		<tr>\r\n			<td>Frequency Range</td>\r\n			<td>20Hz-20KHz</td>\r\n		</tr>\r\n		<tr>\r\n			<td>Impedance</td>\r\n			<td>32&Omega;</td>\r\n		</tr>\r\n		<tr>\r\n			<td>Sensitivity</td>\r\n			<td>110dB+-3dB</td>\r\n		</tr>\r\n		<tr>\r\n			<td>Input Jack</td>\r\n			<td>3.5 mm</td>\r\n		</tr>\r\n		<tr>\r\n			<td>Driver Diameter</td>\r\n			<td>40mm</td>\r\n		</tr>\r\n	</tbody>\r\n	<thead>\r\n		<tr>\r\n			<td colspan=\"3\">Warranty Information</td>\r\n		</tr>\r\n	</thead>\r\n	<tbody>\r\n		<tr>\r\n			<td>Manufacturing Warranty</td>\r\n			<td>01 year Warranty</td>\r\n		</tr>\r\n	</tbody>\r\n</table>', 'product-image/HAVIT HV-H2178D 3.5mm Wired Headphone.jpg', 1, '2021-06-16 04:17:37', '2021-06-16 04:17:37'),
(10, 2, 4, 'HP 15s-du1087TU Intel Celeron N4020 15.6 inch FHD Laptop with Win 10', 34000.00, 10, 'Key Features MPN: 2R0D9PA Model: 15s-du1087TU Intel Celeron Processor N4020 (4M Cache, up to 2.80 GHz) 4GB DDR4 RAM + 1TB HDD 15.6 inch Full HD 1920x1080 Display Windows 10 Home', '<h2>Specification</h2>\r\n\r\n<table cellpadding=\"0\" cellspacing=\"0\">\r\n	<thead>\r\n		<tr>\r\n			<td colspan=\"3\">Basic Information</td>\r\n		</tr>\r\n	</thead>\r\n	<tbody>\r\n		<tr>\r\n			<td>Processor</td>\r\n			<td>Intel Celeron Processor N4020 (4M Cache, up to 2.80 GHz)</td>\r\n		</tr>\r\n		<tr>\r\n			<td>Display</td>\r\n			<td>15.6&quot; diagonal FHD backlit (1920 x 1080) Display,</td>\r\n		</tr>\r\n		<tr>\r\n			<td>Memory</td>\r\n			<td>4GB DDR4 RAM</td>\r\n		</tr>\r\n		<tr>\r\n			<td>Storage</td>\r\n			<td>1TB HDD</td>\r\n		</tr>\r\n		<tr>\r\n			<td>Graphics</td>\r\n			<td>Intel UHD Graphics 605</td>\r\n		</tr>\r\n		<tr>\r\n			<td>Operating System</td>\r\n			<td>Windows 10 Home<br />\r\n			Microsoft Office Home &amp; Student</td>\r\n		</tr>\r\n		<tr>\r\n			<td>Audio</td>\r\n			<td>2.0 headphone/microphone combo</td>\r\n		</tr>\r\n		<tr>\r\n			<td>Office</td>\r\n			<td>Microsoft Office Home &amp; Student</td>\r\n		</tr>\r\n	</tbody>\r\n	<thead>\r\n		<tr>\r\n			<td colspan=\"3\">Input Devices</td>\r\n		</tr>\r\n	</thead>\r\n	<tbody>\r\n		<tr>\r\n			<td>Keyboard</td>\r\n			<td>Chicklit Keyboard</td>\r\n		</tr>\r\n		<tr>\r\n			<td>Optical Drive</td>\r\n			<td>NO</td>\r\n		</tr>\r\n		<tr>\r\n			<td>WebCam</td>\r\n			<td>720p HD camera</td>\r\n		</tr>\r\n		<tr>\r\n			<td>Card Reader</td>\r\n			<td>SD card reader</td>\r\n		</tr>\r\n	</tbody>\r\n	<thead>\r\n		<tr>\r\n			<td colspan=\"3\">Network &amp; Wireless Connectivity</td>\r\n		</tr>\r\n	</thead>\r\n	<tbody>\r\n		<tr>\r\n			<td>Wi-Fi</td>\r\n			<td>Realtek RTL8822CE 802.11a/b/g/n/ac (2x2) Wi-Fi</td>\r\n		</tr>\r\n		<tr>\r\n			<td>Bluetooth</td>\r\n			<td>Bluetooth 5</td>\r\n		</tr>\r\n	</tbody>\r\n	<thead>\r\n		<tr>\r\n			<td colspan=\"3\">Ports, Connectors &amp; Slots</td>\r\n		</tr>\r\n	</thead>\r\n	<tbody>\r\n		<tr>\r\n			<td>Audio Jack Combo</td>\r\n			<td>2.0 headphone/microphone combo</td>\r\n		</tr>\r\n		<tr>\r\n			<td>Extra RAM Slot</td>\r\n			<td>NO</td>\r\n		</tr>\r\n		<tr>\r\n			<td>Extra M.2 Slot</td>\r\n			<td>NO</td>\r\n		</tr>\r\n	</tbody>\r\n	<thead>\r\n		<tr>\r\n			<td colspan=\"3\">Physical Specification</td>\r\n		</tr>\r\n	</thead>\r\n	<tbody>\r\n		<tr>\r\n			<td>Color(s)</td>\r\n			<td>Silver</td>\r\n		</tr>\r\n	</tbody>\r\n	<thead>\r\n		<tr>\r\n			<td colspan=\"3\">Warranty</td>\r\n		</tr>\r\n	</thead>\r\n	<tbody>\r\n		<tr>\r\n			<td>Manufacturing Warranty</td>\r\n			<td>01 years International Limited Warranty (Terms &amp; condition Apply As Per HP)</td>\r\n		</tr>\r\n	</tbody>\r\n</table>\r\n\r\n<h2>Description</h2>\r\n\r\n<h2>HP 15s-du1087TU Intel Celeron N4020&nbsp;15.6 inch FHD Laptop with Win 10</h2>\r\n\r\n<p>HP P15s-du1087TU&nbsp;Laptop comes with Intel Celeron Processor N4020 (4M Cache, up to 2.80 GHz), 4GB DDR4 RAM, 1TB HDD, 15.6&quot; diagonal FHD backlit (1920 x 1080) Display, Intel UHD Graphics, and Windows 10 Home. This laptop featured with Li-ion battery, Chicklit Keyboard, 720p HD Web Camera with integrated dual array digital microphones. Here, Realtek RTL8822CE 802.11a/b/g/n/ac (2x2) Wi-Fi and Bluetooth 5 wireless and networking connectivity are also available. This laptop also has SuperSpeed USB Type-A signaling rate AC smart pin, HDMI x 1, 2.0 headphone/microphone combo ports, and connectivity. This latest HP 15s-du1087TU&nbsp;Laptop has 01 years International Limited Warranty (Terms &amp; condition Apply As Per HP).</p>\r\n\r\n<h2>What is the price of HP 15s-du1087TU Celeron N4020 15.6 inch FHD Laptop in Bangladesh?</h2>\r\n\r\n<p>The latest price of HP 15s-du1087TU Celeron N4020 15.6 inch FHD Laptop in Bangladesh is 34,000৳. You can buy the HP 15s-du1087TU Celeron N4020 15.6 inch FHD Laptop at best price from our website or visit any of our showrooms.</p>', 'product-image/HP 15s-du1087TU Intel Celeron N4020 15.6 inch FHD Laptop with Win 10.jpg', 1, '2021-06-16 10:05:42', '2021-06-16 10:05:42'),
(11, 2, 3, 'Dell Latitude 15 3510 Core i3 10th Gen 15.6 HD Laptop', 49000.00, 10, 'Key Features Model: Latitude 3510 Intel Core i3-10110U Processor (4MB Cache, 2.10 GHz up to 4.10 GHz) 4GB DDR4 3200MHz RAM 1TB SATA HDD 15.6\" HD (1366 x 768) Display', '<h2>Specification</h2>\r\n\r\n<table cellpadding=\"0\" cellspacing=\"0\">\r\n	<thead>\r\n		<tr>\r\n			<td colspan=\"3\">Basic Information</td>\r\n		</tr>\r\n	</thead>\r\n	<tbody>\r\n		<tr>\r\n			<td>Processor</td>\r\n			<td>Intel Core i3-10110U Processor (4M Cache, 2.10 GHz up to 4.10 GHz)</td>\r\n		</tr>\r\n		<tr>\r\n			<td>Display</td>\r\n			<td>15.6&quot; HD (1366 x 768) Display, Anti-Glare Non-Touch, Camera &amp; Microphone, WLAN Capable</td>\r\n		</tr>\r\n		<tr>\r\n			<td>Memory</td>\r\n			<td>4GB DDR4 RAM</td>\r\n		</tr>\r\n		<tr>\r\n			<td>Storage</td>\r\n			<td>1TB SATA HDD</td>\r\n		</tr>\r\n		<tr>\r\n			<td>Graphics</td>\r\n			<td>Integrated Intel UHD Graphics</td>\r\n		</tr>\r\n		<tr>\r\n			<td>Operating System</td>\r\n			<td>Free DOS</td>\r\n		</tr>\r\n		<tr>\r\n			<td>Battery</td>\r\n			<td>3 Cell 40Whr ExpressCharge Capable Battery</td>\r\n		</tr>\r\n		<tr>\r\n			<td>Adapter</td>\r\n			<td>65 Watt AC adapter</td>\r\n		</tr>\r\n		<tr>\r\n			<td>Audio</td>\r\n			<td>Universal Audio Jack</td>\r\n		</tr>\r\n	</tbody>\r\n	<thead>\r\n		<tr>\r\n			<td colspan=\"3\">Input Devices</td>\r\n		</tr>\r\n	</thead>\r\n	<tbody>\r\n		<tr>\r\n			<td>Keyboard</td>\r\n			<td>Backlit Keyboard</td>\r\n		</tr>\r\n		<tr>\r\n			<td>WebCam</td>\r\n			<td>User-Facing: 0.9 MP (720p) WebCam<br />\r\n			&nbsp;</td>\r\n		</tr>\r\n	</tbody>\r\n	<thead>\r\n		<tr>\r\n			<td colspan=\"3\">Network &amp; Wireless Connectivity</td>\r\n		</tr>\r\n	</thead>\r\n	<tbody>\r\n		<tr>\r\n			<td>LAN</td>\r\n			<td>1 x RJ45 (Gigabit)</td>\r\n		</tr>\r\n		<tr>\r\n			<td>Wi-Fi</td>\r\n			<td>Wi-Fi 6 (802.11ax); Dual-Band (2.4 &amp; 5 GHz)</td>\r\n		</tr>\r\n		<tr>\r\n			<td>Bluetooth</td>\r\n			<td>Bluetooth 5.1</td>\r\n		</tr>\r\n	</tbody>\r\n	<thead>\r\n		<tr>\r\n			<td colspan=\"3\">Ports, Connectors &amp; Slots</td>\r\n		</tr>\r\n	</thead>\r\n	<tbody>\r\n		<tr>\r\n			<td>USB (s)</td>\r\n			<td>Ports:<br />\r\n			2 x USB Type-A (USB 3.1 / USB 3.2 Gen 1)<br />\r\n			1 x USB Type-A (USB 2.0)<br />\r\n			USB Type-C Ports:<br />\r\n			1 x USB 3.1 / USB 3.2 Gen 1 (Supports DisplayPort and Power Delivery)</td>\r\n		</tr>\r\n		<tr>\r\n			<td>HDMI</td>\r\n			<td>1 x HDMI 1.4 Output</td>\r\n		</tr>\r\n		<tr>\r\n			<td>Audio Jack Combo</td>\r\n			<td>1 x 1/8&quot; / 3.5 mm Headphone/Microphone Input/Output</td>\r\n		</tr>\r\n		<tr>\r\n			<td>Extra RAM Slot</td>\r\n			<td>Yes. Supports 2666Mhz RAM</td>\r\n		</tr>\r\n		<tr>\r\n			<td>Extra M.2 Slot</td>\r\n			<td>Yes</td>\r\n		</tr>\r\n		<tr>\r\n			<td>Supported SSD Type</td>\r\n			<td>M.2 Nvme</td>\r\n		</tr>\r\n	</tbody>\r\n	<thead>\r\n		<tr>\r\n			<td colspan=\"3\">Physical Specification</td>\r\n		</tr>\r\n	</thead>\r\n	<tbody>\r\n		<tr>\r\n			<td>Dimensions (W x D x H)</td>\r\n			<td>Width: 14.23&quot; (361.40 mm) x Depth: 9.76&quot; (247.85 mm) x Height: 0.71&quot; (17.97 mm)</td>\r\n		</tr>\r\n		<tr>\r\n			<td>Weight</td>\r\n			<td>Starting Weight: 4.2 lb (1.9 kg)</td>\r\n		</tr>\r\n		<tr>\r\n			<td>Color(s)</td>\r\n			<td>Black</td>\r\n		</tr>\r\n	</tbody>\r\n	<thead>\r\n		<tr>\r\n			<td colspan=\"3\">Warranty</td>\r\n		</tr>\r\n	</thead>\r\n	<tbody>\r\n		<tr>\r\n			<td>Manufacturing Warranty</td>\r\n			<td>03 Year Warranty (Battery &amp; Adapter 1 Year)</td>\r\n		</tr>\r\n	</tbody>\r\n</table>\r\n\r\n<h2>Description</h2>\r\n\r\n<h2>Dell Latitude 15 3510 Core i3 10th Gen 15.6&quot; HD Laptop</h2>\r\n\r\n<p>Dell Latitude 3510 Laptop comes with Intel Core i3-10110U Processor (4M Cache, 2.10 GHz up to 4.10 GHz), 4GB DDR4 RAM, 1TB HDD, and Integrated Intel UHD Graphics. The new Latitude 3510 is smaller and thinner, with a lighter finish and narrow screen bezels to give you more room to work. It also featured a fingerprint reader built into the power button. Keep working with outstanding battery life. The laptop is also designed with Backlit Keyboard, User-Facing: 0.9 MP (720p) WebCam, 3 Cell 40Whr ExpressCharge Capable Battery, Universal Audio Jack and also here 2 x USB Type-A (USB 3.1 / USB 3.2 Gen 1), 1 x USB Type-A (USB 2.0), 1 x USB 3.1 / USB 3.2 Gen 1 (Supports DisplayPort and Power Delivery), 1 x 1/8&quot; / 3.5 mm Headphone/Microphone Input/ Output ports are available. This laptop is compatible with more monitors and accessories, with a full range of available ports, including USB Type-C and legacy ports like HDMI and RJ45.</p>\r\n\r\n<h2>What is the price of Dell Latitude 15 3510 Core i3 10th Gen HD Laptop in Bangladesh?</h2>\r\n\r\n<p>The latest price of Dell Latitude 15 3510 Core i3 10th Gen HD Laptop in Bangladesh is 49,000৳. You can buy the Dell Latitude 15 3510 Core i3 10th Gen HD Laptop at best price from our website or visit any of our showrooms.</p>', 'product-image/Dell Latitude 15 3510 Core i3 10th Gen 15.6 HD Laptop.jpg', 1, '2021-06-16 10:07:11', '2021-06-16 10:07:11'),
(12, 2, 8, 'Lenovo IdeaPad Slim 3i Celeron N4020 15.6 HD Laptop', 33000.00, 12, 'Key Features MPN: 81WQ004PIN Model: IdeaPad Slim 3i Intel Celeron N4020 Processor (4M Cache,1.10 GHz up to 2.80 GHz) 4GB DDR4 RAM 1TB HDD 15.6\"HD (1366x768) Display', '<h2>Specification</h2>\r\n\r\n<table cellpadding=\"0\" cellspacing=\"0\">\r\n	<thead>\r\n		<tr>\r\n			<td colspan=\"3\">Basic Information</td>\r\n		</tr>\r\n	</thead>\r\n	<tbody>\r\n		<tr>\r\n			<td>Processor</td>\r\n			<td>Intel Celeron N4020 Processor (4M Cache,1.10 GHz up to 2.80 GHz)</td>\r\n		</tr>\r\n		<tr>\r\n			<td>Display</td>\r\n			<td>15.6&quot;HD (1366x768) AntiGlare LED Backlight Narrow Bezel Display</td>\r\n		</tr>\r\n		<tr>\r\n			<td>Memory</td>\r\n			<td>4GB DDR4 RAM</td>\r\n		</tr>\r\n		<tr>\r\n			<td>Storage</td>\r\n			<td>1TB 5400rpm HDD</td>\r\n		</tr>\r\n		<tr>\r\n			<td>Graphics</td>\r\n			<td>Intel UHD Graphics 600</td>\r\n		</tr>\r\n		<tr>\r\n			<td>Operating System</td>\r\n			<td>Free DOS</td>\r\n		</tr>\r\n		<tr>\r\n			<td>Battery</td>\r\n			<td>2 Cell Li-Polymer</td>\r\n		</tr>\r\n		<tr>\r\n			<td>Adapter</td>\r\n			<td>65W Adapter</td>\r\n		</tr>\r\n		<tr>\r\n			<td>Audio</td>\r\n			<td>2 x 1.5W speakers<br />\r\n			Dolby Audio</td>\r\n		</tr>\r\n	</tbody>\r\n	<thead>\r\n		<tr>\r\n			<td colspan=\"3\">Input Devices</td>\r\n		</tr>\r\n	</thead>\r\n	<tbody>\r\n		<tr>\r\n			<td>Keyboard</td>\r\n			<td>Full size English (US)</td>\r\n		</tr>\r\n		<tr>\r\n			<td>Optical Drive</td>\r\n			<td>N/A</td>\r\n		</tr>\r\n		<tr>\r\n			<td>WebCam</td>\r\n			<td>720p HD Webcam with Privacy Shutter</td>\r\n		</tr>\r\n		<tr>\r\n			<td>Card Reader</td>\r\n			<td>SD card reader</td>\r\n		</tr>\r\n	</tbody>\r\n	<thead>\r\n		<tr>\r\n			<td colspan=\"3\">Network &amp; Wireless Connectivity</td>\r\n		</tr>\r\n	</thead>\r\n	<tbody>\r\n		<tr>\r\n			<td>Wi-Fi</td>\r\n			<td>WiFi 2 x 2, 1 x 1 AC</td>\r\n		</tr>\r\n		<tr>\r\n			<td>Bluetooth</td>\r\n			<td>Bluetooth Version 5.0</td>\r\n		</tr>\r\n	</tbody>\r\n	<thead>\r\n		<tr>\r\n			<td colspan=\"3\">Ports, Connectors &amp; Slots</td>\r\n		</tr>\r\n	</thead>\r\n	<tbody>\r\n		<tr>\r\n			<td>USB (s)</td>\r\n			<td>2 x USB 3.1 (Gen 1)<br />\r\n			USB 2.0</td>\r\n		</tr>\r\n		<tr>\r\n			<td>HDMI</td>\r\n			<td>HDMI 1.4b x 1</td>\r\n		</tr>\r\n		<tr>\r\n			<td>Audio Jack Combo</td>\r\n			<td>1 x Headphone / mic combo</td>\r\n		</tr>\r\n		<tr>\r\n			<td>Extra M.2 Slot</td>\r\n			<td>Yes</td>\r\n		</tr>\r\n		<tr>\r\n			<td>Supported SSD Type</td>\r\n			<td>M.2 NVME PCIe</td>\r\n		</tr>\r\n	</tbody>\r\n	<thead>\r\n		<tr>\r\n			<td colspan=\"3\">Physical Specification</td>\r\n		</tr>\r\n	</thead>\r\n	<tbody>\r\n		<tr>\r\n			<td>Dimensions (W x D x H)</td>\r\n			<td>362.2mm x 253.4mm x 19.99mm / 14.25&quot; x 9.98&quot; x 0.79&quot;</td>\r\n		</tr>\r\n		<tr>\r\n			<td>Weight</td>\r\n			<td>Starting at 1.85kg / 4.07lbs</td>\r\n		</tr>\r\n		<tr>\r\n			<td>Color(s)</td>\r\n			<td>Platimun Grey</td>\r\n		</tr>\r\n	</tbody>\r\n	<thead>\r\n		<tr>\r\n			<td colspan=\"3\">Warranty</td>\r\n		</tr>\r\n	</thead>\r\n	<tbody>\r\n		<tr>\r\n			<td>Manufacturing Warranty</td>\r\n			<td>2 years International Limited Warranty (Terms &amp; condition Apply As Per Lenovo)</td>\r\n		</tr>\r\n	</tbody>\r\n</table>\r\n\r\n<h2>Description</h2>\r\n\r\n<h2>Lenovo IdeaPad Slim 3i Celeron N4020 15.6&quot; HD Laptop</h2>\r\n\r\n<p>Lenovo IdeaPad Slim 3i Laptop comes with Intel Celeron N4020 Processor (4M Cache,1.10 GHz up to 2.80 GHz), 4GB DDR4 RAM, 1TB 5400rpm HDD, Intel UHD Graphics 600, and Free DOS operating system. This laptop is also featured with a 2 Cell Li-Polymer battery, Full-size English (US) keyboard, 720p HD Webcam with Privacy Shutter, an SD card reader. Here, WiFi 2 x 2, 1 x 1 AC and Bluetooth Version 5.0 Network &amp; Wireless Connectivity are available. In this laptop, it has 2 x USB 3.1 (Gen 1)USB 2.0, HDMI 1.4b, Headphone / mic combo, 2 x 1.5W speakers Dolby Audio Ports, Connectors &amp; Slots and Finger Print Sensor. The Lenovo IdeaPad Slim 3i Laptop has 02 years International Limited Warranty (Terms &amp; condition Apply As Per Lenovo).</p>', 'product-image/Lenovo IdeaPad Slim 3i Celeron N4020 15.6 HD Laptop.jpg', 1, '2021-06-16 10:08:30', '2021-06-16 10:08:30'),
(13, 4, 14, 'Tecnoware FGCERAPL900E Era Plus 900VA Offline UPS', 4000.00, 5, 'Key Features Model: FGCERAPL900E Capacity: 900VA Video Surveillance Systems Backup time: 20-40mins Automatic Voltage Regulation circuit (AVR)', '<h2>Specification</h2>\r\n\r\n<table cellpadding=\"0\" cellspacing=\"0\">\r\n	<thead>\r\n		<tr>\r\n			<td colspan=\"3\">Main Feature</td>\r\n		</tr>\r\n	</thead>\r\n	<tbody>\r\n		<tr>\r\n			<td>Capacity</td>\r\n			<td>900VA</td>\r\n		</tr>\r\n		<tr>\r\n			<td>Display Type</td>\r\n			<td>Dimension (WxHxD): 10.1 x 14.2 x 27.9 cm<br />\r\n			Dimension (WxHxD): 18 x 22 x 34 cm<br />\r\n			Weight: 3.9 Kg</td>\r\n		</tr>\r\n		<tr>\r\n			<td>Load Capacity</td>\r\n			<td>260 watt</td>\r\n		</tr>\r\n		<tr>\r\n			<td>Noise Level</td>\r\n			<td>&lt; 40 dBA to 1 m<br />\r\n			Dimension (UPS) WxHxD 10.1 x 14.2 x 27.9 cm</td>\r\n		</tr>\r\n		<tr>\r\n			<td>Battery</td>\r\n			<td>Lead acid, sealed, maintenance free</td>\r\n		</tr>\r\n	</tbody>\r\n	<thead>\r\n		<tr>\r\n			<td colspan=\"3\">Input Features</td>\r\n		</tr>\r\n	</thead>\r\n	<tbody>\r\n		<tr>\r\n			<td>Frequency</td>\r\n			<td>Nominal frequency: 50/60 Hz (automatic selection)<br />\r\n			Input frequency range: +/-5%</td>\r\n		</tr>\r\n		<tr>\r\n			<td>Voltage Range</td>\r\n			<td>Nominal voltage Single-phase: 230Vac<br />\r\n			Input voltage range: +20%/-25%</td>\r\n		</tr>\r\n	</tbody>\r\n	<thead>\r\n		<tr>\r\n			<td colspan=\"3\">Output Features</td>\r\n		</tr>\r\n	</thead>\r\n	<tbody>\r\n		<tr>\r\n			<td>Backup Time</td>\r\n			<td>20-40 mins</td>\r\n		</tr>\r\n		<tr>\r\n			<td>Voltage Range</td>\r\n			<td>Nominal voltage Single-phase: 230Vac<br />\r\n			Voltage regulation (Line mode): AVR (Automatic Voltage Regulation)<br />\r\n			Voltage regulation (Battery mode): +/-5%</td>\r\n		</tr>\r\n		<tr>\r\n			<td>Power Factor</td>\r\n			<td>0.7</td>\r\n		</tr>\r\n		<tr>\r\n			<td>Type of Wave</td>\r\n			<td>Modified Sinewave</td>\r\n		</tr>\r\n		<tr>\r\n			<td>Transfer Time</td>\r\n			<td>2 ms (typical)</td>\r\n		</tr>\r\n	</tbody>\r\n	<thead>\r\n		<tr>\r\n			<td colspan=\"3\">Manufacture Warranty</td>\r\n		</tr>\r\n	</thead>\r\n	<tbody>\r\n		<tr>\r\n			<td>Warranty</td>\r\n			<td>02 Years Warranty</td>\r\n		</tr>\r\n	</tbody>\r\n</table>\r\n\r\n<h2>Description</h2>\r\n\r\n<h2>Tecnoware&nbsp;FGCERAPL900E&nbsp;Era Plus 900VA Offline UPS</h2>\r\n\r\n<p>Tecnoware Era Plus 900VA Offline UPS is comprised of a Line interactive plus technology. This product is designed to protect office PCs, video surveillance DVRs, ADSL modems / routers and cash registers. One other features of it is, totally silence mode. It owns 2 Universal type outputs, protected from blackout, overvoltages and undervoltages. Also equipped with LEDs for signaling the operating status. The Era Plus 900VA is not suitable with power supplies with Active PFC circuit (Server, PC game, video game console, workstation, Mac computer), lamps and electric motors. Provides users AVR Automatic Voltage Regulator electronic circuit and 2 Universal output sockets and n 1 UK input cable. Its UPS Management Software TecnoManager compatible withWindows, Mac OS X, Unix, Linux, etc.</p>\r\n\r\n<p>This Tecnoware 900VA Offline UPS comes with 02 years of warranty.</p>\r\n\r\n<h2>What is the price of Tecnoware FGCERAPL900E Era Plus 900VA UPS in Bangladesh?</h2>\r\n\r\n<p>The latest price of Tecnoware FGCERAPL900E Era Plus 900VA UPS in Bangladesh is 4,000৳. You can buy the Tecnoware FGCERAPL900E Era Plus 900VA UPS at best price from our website or visit any of our showrooms</p>', 'product-image/Tecnoware FGCERAPL900E Era Plus 900VA Offline UPS.jpg', 1, '2021-06-16 10:11:04', '2021-06-16 10:11:04');
INSERT INTO `products` (`id`, `category_id`, `brand_id`, `product_name`, `product_price`, `product_quantity`, `short_description`, `long_description`, `product_image`, `publication_status`, `created_at`, `updated_at`) VALUES
(14, 3, 4, 'HP V20 19.5 HD+ LED TN Monitor', 8800.00, 11, 'Key Features MPN: 1H849AA Model: V20 Up to 5° forward or 25° backward Tilt Anti-glare; Low blue light mode Response time 5ms on/off 1x VGA; 1x HDMI 1.4 port', '<h2>Specification</h2>\r\n\r\n<table cellpadding=\"0\" cellspacing=\"0\">\r\n	<thead>\r\n		<tr>\r\n			<td colspan=\"3\">Display Features</td>\r\n		</tr>\r\n	</thead>\r\n	<tbody>\r\n		<tr>\r\n			<td>Screen Size</td>\r\n			<td>19.5&quot;</td>\r\n		</tr>\r\n		<tr>\r\n			<td>Display Type</td>\r\n			<td>TN</td>\r\n		</tr>\r\n		<tr>\r\n			<td>Resolution</td>\r\n			<td>HD+ (1600 x 900 @ 60 Hz)</td>\r\n		</tr>\r\n		<tr>\r\n			<td>Brightness</td>\r\n			<td>200 nits</td>\r\n		</tr>\r\n		<tr>\r\n			<td>Response Time</td>\r\n			<td>5ms on/off</td>\r\n		</tr>\r\n		<tr>\r\n			<td>Viewing Angle</td>\r\n			<td>90&deg;</td>\r\n		</tr>\r\n		<tr>\r\n			<td>Contrast Ratio</td>\r\n			<td>600:1 static</td>\r\n		</tr>\r\n		<tr>\r\n			<td>Aspect Ratio</td>\r\n			<td>16:9</td>\r\n		</tr>\r\n		<tr>\r\n			<td>Refresh Rate</td>\r\n			<td>60 Hz</td>\r\n		</tr>\r\n	</tbody>\r\n	<thead>\r\n		<tr>\r\n			<td colspan=\"3\">Connectivity</td>\r\n		</tr>\r\n	</thead>\r\n	<tbody>\r\n		<tr>\r\n			<td>HDMI</td>\r\n			<td>1x HDMI 1.4</td>\r\n		</tr>\r\n		<tr>\r\n			<td>VGA</td>\r\n			<td>1x VGA;</td>\r\n		</tr>\r\n	</tbody>\r\n	<thead>\r\n		<tr>\r\n			<td colspan=\"3\">Audio/Video Features</td>\r\n		</tr>\r\n	</thead>\r\n	<tbody>\r\n		<tr>\r\n			<td>Low Blue Light</td>\r\n			<td>Yes</td>\r\n		</tr>\r\n	</tbody>\r\n	<thead>\r\n		<tr>\r\n			<td colspan=\"3\">Power</td>\r\n		</tr>\r\n	</thead>\r\n	<tbody>\r\n		<tr>\r\n			<td>Type</td>\r\n			<td>Input voltage 100 to 240 VAC</td>\r\n		</tr>\r\n	</tbody>\r\n	<thead>\r\n		<tr>\r\n			<td colspan=\"3\">Physical Specification</td>\r\n		</tr>\r\n	</thead>\r\n	<tbody>\r\n		<tr>\r\n			<td>Dimension</td>\r\n			<td>46.26 x 4.92 x 27.87 cm<br />\r\n			46.26 x 19 x 35.36 cm With stand</td>\r\n		</tr>\r\n		<tr>\r\n			<td>Weight</td>\r\n			<td>2.81 kg</td>\r\n		</tr>\r\n		<tr>\r\n			<td>Tilt</td>\r\n			<td>-5 to +25&deg;</td>\r\n		</tr>\r\n	</tbody>\r\n	<thead>\r\n		<tr>\r\n			<td colspan=\"3\">Warranty Information</td>\r\n		</tr>\r\n	</thead>\r\n	<tbody>\r\n		<tr>\r\n			<td>Manufacturing Warranty</td>\r\n			<td>3 year</td>\r\n		</tr>\r\n	</tbody>\r\n</table>\r\n\r\n<h2>Description</h2>\r\n\r\n<h2>HP V20 19.5&quot; HD+ LED TN Monitor</h2>\r\n\r\n<p>The HP V20 19.5&quot; HD+ LED TN Monitor is the quintessential, everyday monitor that adjusts to your needs, saves space, and doesn&rsquo;t break the bank. Get lifelike color and sharp details on a 19.5&rdquo; diagonal HD+ (1600 x 900 pixel) screen. You can tilt the screen up to 5&deg; forward or 25&deg; backward to find your best viewing position. You have the freedom to connect devices and other monitors quickly through HDMI and VGA ports. Enjoy greater eye comfort as the Low Blue Light feature reduces whites and makes colors warmer. Experience better response times and higher refresh rates with the addition of the twisted nematic LED display. Environmentally conscious features include ENERGY STAR Certified and mercury-free LED display backlighting. It has 3 years warranty.</p>\r\n\r\n<h2>What is the price of HP V20 19.5&quot; HD+ Monitor in Bangladesh?</h2>\r\n\r\n<p>The latest price of HP V20 19.5&quot; HD+ Monitor in Bangladesh is 8,800৳. You can buy the HP V20 19.5&quot; HD+ Monitor at best price from our website or visit any of our showrooms.</p>', 'product-image/HP V20 19.5 HD+ LED TN Monitor.jpg', 1, '2021-06-16 10:13:39', '2021-06-16 10:13:39'),
(15, 3, 3, 'Dell E2420H 23.8 Full HD LED Monitor', 14200.00, 8, 'Key Features Model: E2420H 23.8\" Resolution: FHD (1920 x 1080) Response Time: 5ms Viewing Angle:178° (H) / 178° (V) Brightness: 250 cd/m2', '<h2>Specification</h2>\r\n\r\n<table cellpadding=\"0\" cellspacing=\"0\">\r\n	<thead>\r\n		<tr>\r\n			<td colspan=\"3\">Display Features</td>\r\n		</tr>\r\n	</thead>\r\n	<tbody>\r\n		<tr>\r\n			<td>Panel Type</td>\r\n			<td>IPS</td>\r\n		</tr>\r\n		<tr>\r\n			<td>Screen Size</td>\r\n			<td>23.8&quot;</td>\r\n		</tr>\r\n		<tr>\r\n			<td>Display Type</td>\r\n			<td>LED-backlit</td>\r\n		</tr>\r\n		<tr>\r\n			<td>Resolution</td>\r\n			<td>Full HD (1080p) 1920 x 1080 at 60 Hz</td>\r\n		</tr>\r\n		<tr>\r\n			<td>Brightness</td>\r\n			<td>250 cd/m&sup2;</td>\r\n		</tr>\r\n		<tr>\r\n			<td>Response Time</td>\r\n			<td>8 ms (normal); 5 ms (fast)</td>\r\n		</tr>\r\n		<tr>\r\n			<td>Viewing Angle</td>\r\n			<td>178&deg; (H) / 178&deg; (V)</td>\r\n		</tr>\r\n		<tr>\r\n			<td>Contrast Ratio</td>\r\n			<td>1000:1</td>\r\n		</tr>\r\n		<tr>\r\n			<td>Aspect Ratio</td>\r\n			<td>16:9</td>\r\n		</tr>\r\n		<tr>\r\n			<td>Color Support</td>\r\n			<td>16.7 million colors</td>\r\n		</tr>\r\n	</tbody>\r\n	<thead>\r\n		<tr>\r\n			<td colspan=\"3\">Connectivity</td>\r\n		</tr>\r\n	</thead>\r\n	<tbody>\r\n		<tr>\r\n			<td>Display Port</td>\r\n			<td>1x DisplayPort (DisplayPort 1.2 mode)</td>\r\n		</tr>\r\n		<tr>\r\n			<td>VGA</td>\r\n			<td>1x VGA</td>\r\n		</tr>\r\n	</tbody>\r\n	<thead>\r\n		<tr>\r\n			<td colspan=\"3\">Audio/Video Features</td>\r\n		</tr>\r\n	</thead>\r\n	<tbody>\r\n		<tr>\r\n			<td>Color Temperature Selection</td>\r\n			<td>72% (CIE 1931) color gamut, 83% (CIE 1976) color gamut</td>\r\n		</tr>\r\n	</tbody>\r\n	<thead>\r\n		<tr>\r\n			<td colspan=\"3\">Power</td>\r\n		</tr>\r\n	</thead>\r\n	<tbody>\r\n		<tr>\r\n			<td>Type</td>\r\n			<td>AC 120/230 V (50/60 Hz)</td>\r\n		</tr>\r\n		<tr>\r\n			<td>Power Consumption</td>\r\n			<td>Power Consumption Operational: 15 Watt<br />\r\n			Power Consumption Stand by: 0.3 Watt</td>\r\n		</tr>\r\n	</tbody>\r\n	<thead>\r\n		<tr>\r\n			<td colspan=\"3\">Physical Specification</td>\r\n		</tr>\r\n	</thead>\r\n	<tbody>\r\n		<tr>\r\n			<td>Dimension</td>\r\n			<td>21.7 in x 6.7 in x 16.5 in</td>\r\n		</tr>\r\n		<tr>\r\n			<td>Weight</td>\r\n			<td>7.16 lbs</td>\r\n		</tr>\r\n		<tr>\r\n			<td>Tilt</td>\r\n			<td>-5/+21</td>\r\n		</tr>\r\n	</tbody>\r\n	<thead>\r\n		<tr>\r\n			<td colspan=\"3\">Warranty Information</td>\r\n		</tr>\r\n	</thead>\r\n	<tbody>\r\n		<tr>\r\n			<td>Manufacturing Warranty</td>\r\n			<td>3 Years</td>\r\n		</tr>\r\n	</tbody>\r\n</table>\r\n\r\n<h2>Description</h2>\r\n\r\n<h2>Dell E2420H 23.8&quot; Full HD LED Monitor</h2>\r\n\r\n<p>The Dell E2420H 23.8&quot; Monitor is a Full HD monitor that has Dell Display Manager&rsquo;s (DDM) Easy Arrange feature that lets you quickly tile and views your applications side by side across one or more connected screens for multitasking efficiency. And with the improved DDM, you&rsquo;ll get even more preset layouts. The auto-restore feature remembers where you left off, so applications will go back to where you left them, even after you&rsquo;ve unplugged them. Asset management reports allow IT managers to quickly capture and track monitor information as well as configure multiple monitors at once through a single setup. Composting or recycling the packaging is easy since it&rsquo;s made with at least 25% of recycled cardboard. Compliant with the latest Energy Star standards, the E Series monitors meet stringent energy efficiency requirements while in sleep, on, and off modes. They&rsquo;re also TCO-certified. The monitor has one Display port and one VGA port.</p>\r\n\r\n<h2>What is the price of Dell E2420H 23.8&quot; Monitor in Bangladesh?</h2>\r\n\r\n<p>The latest price of Dell E2420H 23.8&quot; Monitor in Bangladesh is 14,200৳. You can buy the Dell E2420H 23.8&quot; Monitor at best price from our website or visit any of our showrooms.</p>', 'product-image/Dell E2420H 23.8 Full HD LED Monitor.jpg', 1, '2021-06-16 10:15:00', '2021-06-16 10:15:00'),
(16, 3, 15, 'SAMSUNG LF22T350FHW 22 75Hz Full HD IPS LED Monitor', 12500.00, 7, 'Key Features Model: Samsung LF22T350FHW 22\" AMD Radeon FreeSync Max 75Hz Refresh Rate 3-sided border-less screen Full technicolor experience', '<h2>Specification</h2>\r\n\r\n<table cellpadding=\"0\" cellspacing=\"0\">\r\n	<thead>\r\n		<tr>\r\n			<td colspan=\"3\">Display Features</td>\r\n		</tr>\r\n	</thead>\r\n	<tbody>\r\n		<tr>\r\n			<td>Panel Type</td>\r\n			<td>IPS</td>\r\n		</tr>\r\n		<tr>\r\n			<td>Screen Size</td>\r\n			<td>22&quot;</td>\r\n		</tr>\r\n		<tr>\r\n			<td>Display Type</td>\r\n			<td>Backlit LED Display</td>\r\n		</tr>\r\n		<tr>\r\n			<td>Resolution</td>\r\n			<td>1,920 x 1,080</td>\r\n		</tr>\r\n		<tr>\r\n			<td>Brightness</td>\r\n			<td>Brightness (Min): 200cd/㎡<br />\r\n			Brightness (Typical): 250cd/㎡</td>\r\n		</tr>\r\n		<tr>\r\n			<td>Response Time</td>\r\n			<td>5 (GTG)</td>\r\n		</tr>\r\n		<tr>\r\n			<td>Viewing Angle</td>\r\n			<td>178&deg;/178&deg;</td>\r\n		</tr>\r\n		<tr>\r\n			<td>Contrast Ratio</td>\r\n			<td>Static Contrast Ratio: 1000:1(Typical)<br />\r\n			Contrast Ratio Static: 1000:1(Typical)<br />\r\n			Dynamic Contrast Ratio: Mega</td>\r\n		</tr>\r\n		<tr>\r\n			<td>Aspect Ratio</td>\r\n			<td>16:9</td>\r\n		</tr>\r\n		<tr>\r\n			<td>Color Support</td>\r\n			<td>Max 16.7M</td>\r\n		</tr>\r\n		<tr>\r\n			<td>Refresh Rate</td>\r\n			<td>Max 75Hz</td>\r\n		</tr>\r\n	</tbody>\r\n	<thead>\r\n		<tr>\r\n			<td colspan=\"3\">Connectivity</td>\r\n		</tr>\r\n	</thead>\r\n	<tbody>\r\n		<tr>\r\n			<td>HDMI</td>\r\n			<td>1x HDMI 1.4</td>\r\n		</tr>\r\n		<tr>\r\n			<td>D-Sub</td>\r\n			<td>1x D-Sub</td>\r\n		</tr>\r\n	</tbody>\r\n	<thead>\r\n		<tr>\r\n			<td colspan=\"3\">Audio/Video Features</td>\r\n		</tr>\r\n	</thead>\r\n	<tbody>\r\n		<tr>\r\n			<td>Color Temperature Selection</td>\r\n			<td>Color Gamut (NTSC 1976): 72%</td>\r\n		</tr>\r\n		<tr>\r\n			<td>Low Blue Light</td>\r\n			<td>Yes</td>\r\n		</tr>\r\n		<tr>\r\n			<td>Flicker Free</td>\r\n			<td>Yes</td>\r\n		</tr>\r\n		<tr>\r\n			<td>Free Sync Support</td>\r\n			<td>Yes</td>\r\n		</tr>\r\n		<tr>\r\n			<td>Others</td>\r\n			<td>1x D-Sub</td>\r\n		</tr>\r\n	</tbody>\r\n	<thead>\r\n		<tr>\r\n			<td colspan=\"3\">Power</td>\r\n		</tr>\r\n	</thead>\r\n	<tbody>\r\n		<tr>\r\n			<td>Type</td>\r\n			<td>External Adaptor (AC 100~240V)</td>\r\n		</tr>\r\n		<tr>\r\n			<td>Power Consumption</td>\r\n			<td>Power Consumption (Off Mode): 0.3W<br />\r\n			Max Stand By Power (DPMS): 0.5W<br />\r\n			Power Consumption (DPMS): 0.5W</td>\r\n		</tr>\r\n	</tbody>\r\n	<thead>\r\n		<tr>\r\n			<td colspan=\"3\">Physical Specification</td>\r\n		</tr>\r\n	</thead>\r\n	<tbody>\r\n		<tr>\r\n			<td>Dimension</td>\r\n			<td>Set Dimension without Stand (WxHxD): 19.24 x 11.59 x 1.55 inches</td>\r\n		</tr>\r\n		<tr>\r\n			<td>Weight</td>\r\n			<td>Set Weight without Stand: 4.4 lb</td>\r\n		</tr>\r\n		<tr>\r\n			<td>Tilt</td>\r\n			<td>-2 ~ 20 degrees<br />\r\n			&nbsp;</td>\r\n		</tr>\r\n	</tbody>\r\n	<thead>\r\n		<tr>\r\n			<td colspan=\"3\">Warranty Information</td>\r\n		</tr>\r\n	</thead>\r\n	<tbody>\r\n		<tr>\r\n			<td>Manufacturing Warranty</td>\r\n			<td>3 Years</td>\r\n		</tr>\r\n	</tbody>\r\n</table>\r\n\r\n<h2>Description</h2>\r\n\r\n<h2>SAMSUNG LF22T350FHW 22&quot; 75Hz Full HD IPS LED Monitor</h2>\r\n\r\n<p>Minimalist design, maximum concentration. The 3-sided borderless display brings a clean and modern aesthetic to any working environment. In a multi-monitor setup, the displays line up seamlessly for a virtually gapless view without distractions. Sit anywhere and have a full technicolor experience. The IPS panel preserves color vividness and clarity across every inch of the screen. Even on a display this wide, tones and shades look completely accurate from virtually any angle, with no color washing. Superfluid entertainment experience. AMD Radeon FreeSync keeps your monitor and graphics card refresh rate in sync to reduce image tearing. Watch movies and play games without any interruptions. Even fast scenes look seamless and smooth. Now, the picture looks flawless. The 75Hz refresh rate delivers more fluid scenes. Whether you&#39;re catching up on your favorite TV drama, watching a video, or playing a game, your entertainment has no lag or ghosting effect. Ideal game settings instantly give you the edge. Get optimal color and image contrast to see scenes more vividly and spot enemies hiding in the dark. Game Mode adjusts any game to fill your screen with every detail in view. Protect your eyes and do more. The advanced eye comfort technology reduces eye strain for less strenuous extended computing. Flicker Free technology continuously removes tiring and irritating screen flicker, while Eye Saver Mode minimizes emitted blue light. Your eyes stay fresh longer. Connect to more. With both HDMI and D-sub ports, multiple devices can be plugged straight into your monitor for complete flexibility. Now, your computing environment is even more convenient with additional input possibilities.</p>\r\n\r\n<h2>What is the price of Samsung LF22T350FHW 22&quot; Monitor in Bangladesh?</h2>\r\n\r\n<p>The latest price of Samsung LF22T350FHW 22&quot; Monitor in Bangladesh is 12,500৳. You can buy the Samsung LF22T350FHW 22&quot; Monitor at best price from our website or visit any of our showrooms.</p>', 'product-image/SAMSUNG LF22T350FHW 22 75Hz Full HD IPS LED Monitor.jpg', 1, '2021-06-16 10:16:08', '2021-06-16 10:16:08'),
(17, 6, 16, 'Epson L3110 All-in-One Ink Tank Printer Epson', 16200.00, 4, 'Key Features Model: Epson L3110 Type Print/Scan/Copy print Speed Up to 33 ppm Resolution:5760 x 1440 dpi Spill-free,error-free refilling', '<h2>Specification</h2>\r\n\r\n<table cellpadding=\"0\" cellspacing=\"0\">\r\n	<thead>\r\n		<tr>\r\n			<td colspan=\"3\">Printing Features</td>\r\n		</tr>\r\n	</thead>\r\n	<tbody>\r\n		<tr>\r\n			<td>Print Speed</td>\r\n			<td>Up to 33 ppm(Black), 15 ppm(Color)</td>\r\n		</tr>\r\n		<tr>\r\n			<td>First Printout Time</td>\r\n			<td>Approx. 10 sec (Black ) / 16 sec (Colour)</td>\r\n		</tr>\r\n		<tr>\r\n			<td>Resolution</td>\r\n			<td>5760 x 1440 dpi</td>\r\n		</tr>\r\n		<tr>\r\n			<td>Print Technology</td>\r\n			<td>On-demand inkjet, Nozzle Configuration: 180 x 1 nozzles Black, 59 x 1 nozzles per colour (Cyan, Magenta, Yellow), Print Direction: Bi-directional printing, Minimum Ink Droplet Volume: 3 pl, Printer Language: ESC / P-R, Maximum Copies</td>\r\n		</tr>\r\n		<tr>\r\n			<td>Duplex Printing</td>\r\n			<td>Manual</td>\r\n		</tr>\r\n		<tr>\r\n			<td>Interface</td>\r\n			<td>USB 2.0</td>\r\n		</tr>\r\n		<tr>\r\n			<td>Others</td>\r\n			<td>Nozzle Configuration: 180 x 1 nozzles Black, 59 x 1 nozzles per colour (Cyan, Magenta, Yellow).<br />\r\n			Printer Language: ESC / P-R<br />\r\n			Minimum Ink Droplet Volume: 3 pl<br />\r\n			Print Method: On-demand inkjet (Piezoelectric)</td>\r\n		</tr>\r\n	</tbody>\r\n	<thead>\r\n		<tr>\r\n			<td colspan=\"3\">Paper Handling</td>\r\n		</tr>\r\n	</thead>\r\n	<tbody>\r\n		<tr>\r\n			<td>Sizes</td>\r\n			<td>Maximum Paper Size - 215.9 x 1200 mm (8.5 x 47.24&quot;), Legal, Indian-Legal (215 x 345 mm), 8.5 x 13&quot;, Letter, A4, 16K (195 x 270 mm), B5, A5, B6, A6, Hagaki (100 x 148 mm), 5 x 7&quot;, 4 x 6&quot;, Envelopes: #10, DL, C6</td>\r\n		</tr>\r\n		<tr>\r\n			<td>Types</td>\r\n			<td>Plain paper, Premium Glossy Photo Paper, Envelope, Postcard</td>\r\n		</tr>\r\n		<tr>\r\n			<td>Input Capacity</td>\r\n			<td>Up to 100 sheets-A4 / Letter Plain paper (80 g/m2)<br />\r\n			Up to 20 sheets-Premium Glossy Photo Paper 10 sheets-Envelope, 30 sheets-Postcard</td>\r\n		</tr>\r\n		<tr>\r\n			<td>Output capacity</td>\r\n			<td>Up to 30 sheets, A4 plain paper<br />\r\n			20 sheets, Premium Glossy Photo Paper</td>\r\n		</tr>\r\n		<tr>\r\n			<td>Number of Paper Tray(s)</td>\r\n			<td>1</td>\r\n		</tr>\r\n	</tbody>\r\n	<thead>\r\n		<tr>\r\n			<td colspan=\"3\">Copying Features</td>\r\n		</tr>\r\n	</thead>\r\n	<tbody>\r\n		<tr>\r\n			<td>Copy Speed</td>\r\n			<td>7.0ipm, 1.7ipm</td>\r\n		</tr>\r\n		<tr>\r\n			<td>First-Copy-Out-Time</td>\r\n			<td>Approx. 10 sec (Black) / 16 sec (Colour):</td>\r\n		</tr>\r\n		<tr>\r\n			<td>Resolution</td>\r\n			<td>300 x 300 dpi</td>\r\n		</tr>\r\n		<tr>\r\n			<td>Maximum Number of Copies</td>\r\n			<td>20 copies</td>\r\n		</tr>\r\n		<tr>\r\n			<td>Others</td>\r\n			<td>ISO 29183, A4, Simplex (Black / Colour): Up to 7.0 ipm / 1.7 ipm<br />\r\n			Copy Quality: Colour / Black-and-White; Draft / Standard</td>\r\n		</tr>\r\n	</tbody>\r\n	<thead>\r\n		<tr>\r\n			<td colspan=\"3\">Scan Features</td>\r\n		</tr>\r\n	</thead>\r\n	<tbody>\r\n		<tr>\r\n			<td>Bit depth</td>\r\n			<td>48-bit input, 24-bit output (Colour)<br />\r\n			16-bit input, 8-bit output (Grayscale)<br />\r\n			16-bit input, 1-bit output (Black &amp; White)<br />\r\n			&nbsp;</td>\r\n		</tr>\r\n		<tr>\r\n			<td>Levels of grayscale</td>\r\n			<td>16-bit input, 8-bit output</td>\r\n		</tr>\r\n		<tr>\r\n			<td>Resolution</td>\r\n			<td>600 x 1200 dpi</td>\r\n		</tr>\r\n		<tr>\r\n			<td>Speed</td>\r\n			<td>200 dpi: 11 sec (Black) / 200 dpi: 32 sec (Colour)</td>\r\n		</tr>\r\n	</tbody>\r\n	<thead>\r\n		<tr>\r\n			<td colspan=\"3\">Physical Specification</td>\r\n		</tr>\r\n	</thead>\r\n	<tbody>\r\n		<tr>\r\n			<td>Color</td>\r\n			<td>Black</td>\r\n		</tr>\r\n		<tr>\r\n			<td>Dimensions (W x D x H)</td>\r\n			<td>375 x 347 x 179 mm</td>\r\n		</tr>\r\n		<tr>\r\n			<td>Weight</td>\r\n			<td>3.9 kg</td>\r\n		</tr>\r\n		<tr>\r\n			<td>Voltage</td>\r\n			<td>AC 220 &ndash; 240 V</td>\r\n		</tr>\r\n	</tbody>\r\n	<thead>\r\n		<tr>\r\n			<td colspan=\"3\">Warranty Information</td>\r\n		</tr>\r\n	</thead>\r\n	<tbody>\r\n		<tr>\r\n			<td>Warranty</td>\r\n			<td>01 year warranty</td>\r\n		</tr>\r\n	</tbody>\r\n</table>\r\n\r\n<h2>Description</h2>\r\n\r\n<p>Epson EcoTank L3110 All-in-One Ink Tank Printer built to bring down costs, and bring up productivity. The integrated ink tank enables spill-free, error-free refilling with individual bottles that have designated nozzles. Other features include border less 4R printing and an ultra-high yield of 7,500 colored and 4,500 black-and-white pages. This printer has compact integrated tank design, high yield ink bottles, Spill-free, error-free refilling and border less printing up to 4R.The L3110 prints at a high printing resolution of 5760 dpi, which delivering exceptionally high quality prints for all your needs. You will appreciate the fast print speeds of up to 10ipm for black and 5.0ipm for colour. In addition, the L3110 is capable of printing border less photos up to 4R. In this L3110 printer the printing Technology On-demand inkjet, Nozzle Configuration: 180 x 1 nozzles Black, 59 x 1 nozzles per color (Cyan, Magenta, Yellow), Print Direction: Bi-directional printing, Minimum Ink Droplet Volume: 3 pl, Printer Language: ESC / P-R, Maximum Copies.OS Compatibility is windows 7, 8, 8.1, 10, Vista, XP, Server 2003, 2008, 2012, 2016, Mac OS X 10.6.8 or later. The Copy speed is 7.0ipm (B), 1.7ipm (C).Paper Type are plain paper, Premium Glossy Photo Paper, Envelope, Postcard.</p>', 'product-image/Epson L3110 All-in-One Ink Tank Printer Epson L3110 All-in-One Ink Tank Printer Epson L3110 All-in-One Ink Tank Printer Epson L3110 All-in-One Ink Tank Printer.jpg', 1, '2021-06-16 10:19:50', '2021-06-20 00:28:07'),
(18, 7, 17, 'CANON EOS 750D 24.2 MP WITH 18-55MM IS STM LENS FULL HD WI-FI DSLR CAMERA', 48000.00, 4, 'Key Features Model: Canon EOS 750D (APS-C) CMOS sensor DIGIC 6 image processor 24.2 megapixel 5.0 fps continues shooting', '<h2>Specification</h2>\r\n\r\n<table cellpadding=\"0\" cellspacing=\"0\">\r\n	<thead>\r\n		<tr>\r\n			<td colspan=\"3\">IMAGE SENSOR</td>\r\n		</tr>\r\n	</thead>\r\n	<tbody>\r\n		<tr>\r\n			<td>Type</td>\r\n			<td>22.3 x 14.9mm CMOS</td>\r\n		</tr>\r\n		<tr>\r\n			<td>Pixels</td>\r\n			<td>Effective Pixels- Approx. 24.2 megapixels |<br />\r\n			Total Pixels- Approx. 24.7 megapixels |</td>\r\n		</tr>\r\n		<tr>\r\n			<td>Aspect Ratio</td>\r\n			<td>3:2</td>\r\n		</tr>\r\n	</tbody>\r\n	<thead>\r\n		<tr>\r\n			<td colspan=\"3\">Other Features</td>\r\n		</tr>\r\n	</thead>\r\n	<tbody>\r\n		<tr>\r\n			<td>Features</td>\r\n			<td>DIGIC 6</td>\r\n		</tr>\r\n	</tbody>\r\n	<thead>\r\n		<tr>\r\n			<td colspan=\"3\">FOCUSING</td>\r\n		</tr>\r\n	</thead>\r\n	<tbody>\r\n		<tr>\r\n			<td>AF Point</td>\r\n			<td>19 cross-type AF points (f/2.8 at centre)</td>\r\n		</tr>\r\n		<tr>\r\n			<td>Modes</td>\r\n			<td>AI Focus |<br />\r\n			One Shot |<br />\r\n			AI Servo |</td>\r\n		</tr>\r\n	</tbody>\r\n	<thead>\r\n		<tr>\r\n			<td colspan=\"3\">EXPOSURE CONTROL</td>\r\n		</tr>\r\n	</thead>\r\n	<tbody>\r\n		<tr>\r\n			<td>Metering Modes</td>\r\n			<td>7560-pixel RGB+IR metering sensor |<br />\r\n			Metering with the area divided into 63 segments (9&times;7)-<br />\r\n			(1) Evaluative metering (linked to all AF points) |<br />\r\n			(2) Partial metering (approx. 6.0% of viewfinder) |<br />\r\n			(3) Spot metering (approx. 3.5% of viewfinder) |<br />\r\n			(4) Center-weighted average metering |</td>\r\n		</tr>\r\n		<tr>\r\n			<td>ISO Sensitivity</td>\r\n			<td>AUTO(100-6400), 100-12800 in 1-stop increments |<br />\r\n			ISO can be expanded to H: 25600 |<br />\r\n			During Movie shooting: Auto (100-6400), 100-6400 (Whole stop increments) |<br />\r\n			ISO can be expanded to H: 12800 |</td>\r\n		</tr>\r\n	</tbody>\r\n	<thead>\r\n		<tr>\r\n			<td colspan=\"3\">SHUTTER</td>\r\n		</tr>\r\n	</thead>\r\n	<tbody>\r\n		<tr>\r\n			<td>Shutter Speed</td>\r\n			<td>30-1/4000 sec</td>\r\n		</tr>\r\n	</tbody>\r\n	<thead>\r\n		<tr>\r\n			<td colspan=\"3\">SHOOTING</td>\r\n		</tr>\r\n	</thead>\r\n	<tbody>\r\n		<tr>\r\n			<td>Color Space</td>\r\n			<td>sRGB and Adobe RGB</td>\r\n		</tr>\r\n		<tr>\r\n			<td>Continuous Shooting</td>\r\n			<td>Max. Approx. 5fps. for approx. (speed maintained for approx. 940 images (JPEG)(Large/Fine(Quality 8) resolution.) |<br />\r\n			8 images (RAW))(Quoted burst rate is based on tests using a UHS-I memory card, with Canon&#39;s testing conditions, ISO 100, Standard Picture Style. Maximum fps and buffer capacity may be reduced depending on the cameras settings and light level Speed can vary depending on the subject, memory card brand and capacity, image recording quality, ISO speed, drive mode, Picture Style, Custom functions etc.)</td>\r\n		</tr>\r\n	</tbody>\r\n	<thead>\r\n		<tr>\r\n			<td colspan=\"3\">FILE TYPE</td>\r\n		</tr>\r\n	</thead>\r\n	<tbody>\r\n		<tr>\r\n			<td>Image Type</td>\r\n			<td>JPEG: Fine, Normal (Exif 2.30 compliant) / Design rule for Camera File system (2.0) |<br />\r\n			RAW: RAW (14bit, Canon original RAW 2nd edition) |<br />\r\n			Digital Print Order Format [DPOF] Version 1.1 compliant |</td>\r\n		</tr>\r\n		<tr>\r\n			<td>Image Size</td>\r\n			<td>JPEG 3:2: (L) 6000x4000, (M) 3984x2656, (S1) 2976x1984, (S2) 1920x1280, (S3) 720x480 |<br />\r\n			JPEG 4:3: (L) 5328x4000, (M) 3552x2664, (S1) 2656x1992, (S2) 1696x1280, (S3) 640x480 |<br />\r\n			JPEG 16:9: (L) 6000x3368, (M) 3984x2240, (S1) 2976x1680 (S2) 1920x1080, (S3) 720x480 |<br />\r\n			JPEG 1:1: (L) 4000x4000, (M) 2656x2656, (S1) 1984x1984, (S2) 1280x1280, (S3) 480x480 |<br />\r\n			RAW: (RAW) 6000x4000 |</td>\r\n		</tr>\r\n		<tr>\r\n			<td>Movie Type</td>\r\n			<td>MP4 (Video: H.264 (standard or lightweight: IPB), Sound: AAC, recording level can be manually adjusted by user).</td>\r\n		</tr>\r\n		<tr>\r\n			<td>Movie size</td>\r\n			<td>1920 x 1080 (29.97, 25, 23.98 fps) |<br />\r\n			1280 x 720 (59.94, 50, 29.97 fps) |<br />\r\n			640 x 480 (29.97, 25 fps) |</td>\r\n		</tr>\r\n	</tbody>\r\n	<thead>\r\n		<tr>\r\n			<td colspan=\"3\">LCD MONITOR</td>\r\n		</tr>\r\n	</thead>\r\n	<tbody>\r\n		<tr>\r\n			<td>Type</td>\r\n			<td>Touch screen vari angle 7.7cm (3.0&quot;) 3:2 Clear View II TFT, approx. 1040K dots</td>\r\n		</tr>\r\n		<tr>\r\n			<td>Viewing Angle</td>\r\n			<td>Approx. 170&deg;</td>\r\n		</tr>\r\n	</tbody>\r\n	<thead>\r\n		<tr>\r\n			<td colspan=\"3\">STORAGE</td>\r\n		</tr>\r\n	</thead>\r\n	<tbody>\r\n		<tr>\r\n			<td>Storage Type</td>\r\n			<td>SD, SDHC or SDXC (UHS-I)card</td>\r\n		</tr>\r\n	</tbody>\r\n	<thead>\r\n		<tr>\r\n			<td colspan=\"3\">FLASH</td>\r\n		</tr>\r\n	</thead>\r\n	<tbody>\r\n		<tr>\r\n			<td>Built-in Flash</td>\r\n			<td>Yes</td>\r\n		</tr>\r\n		<tr>\r\n			<td>Red-Eye Reduction</td>\r\n			<td>Yes - with red-eye reduction lamp</td>\r\n		</tr>\r\n		<tr>\r\n			<td>External Flash Compatibility</td>\r\n			<td>E-TTL II with EX series Speedlites, wireless multi-flash support</td>\r\n		</tr>\r\n	</tbody>\r\n	<thead>\r\n		<tr>\r\n			<td colspan=\"3\">POWER SOURCE</td>\r\n		</tr>\r\n	</thead>\r\n	<tbody>\r\n		<tr>\r\n			<td>Batteries</td>\r\n			<td>1 x Rechargeable Li-ion Battery LP-E17</td>\r\n		</tr>\r\n	</tbody>\r\n	<thead>\r\n		<tr>\r\n			<td colspan=\"3\">PHYSICAL SPECIFICATIONS</td>\r\n		</tr>\r\n	</thead>\r\n	<tbody>\r\n		<tr>\r\n			<td>Dimensions (W x H x D)</td>\r\n			<td>Approx. 131.9 x 100.7 x 77.8 mm</td>\r\n		</tr>\r\n		<tr>\r\n			<td>Weight (Body Only)</td>\r\n			<td>Approx. 555g</td>\r\n		</tr>\r\n	</tbody>\r\n	<thead>\r\n		<tr>\r\n			<td colspan=\"3\">LENS</td>\r\n		</tr>\r\n	</thead>\r\n	<tbody>\r\n		<tr>\r\n			<td>Lens Mount</td>\r\n			<td>EF/EF-S</td>\r\n		</tr>\r\n		<tr>\r\n			<td>Focal Length</td>\r\n			<td>18-55mm</td>\r\n		</tr>\r\n		<tr>\r\n			<td>Maximum Aperture</td>\r\n			<td>f/4-5.6</td>\r\n		</tr>\r\n	</tbody>\r\n</table>\r\n\r\n<h2>Description</h2>\r\n\r\n<p>CANON EOS 750D 24.2 MP WITH 18-55MM IS STM LENS FULL HD WI-FI DSLR CAMERA</p>\r\n\r\n<p>&nbsp;</p>\r\n\r\n<ul>\r\n	<li>Effortlessly capture stunning detail in any situation</li>\r\n	<li>Record cinematic movies as easily as you shoot stills</li>\r\n	<li>Easily connect and share your images with the world</li>\r\n	<li>It allows you to take as much or as little control as you like</li>\r\n	<li>Explore creative shooting angles and enjoy simple and intuitive access to controls using the 3.0&quot; (7.7cm) Vari Angle LCD touch screen</li>\r\n	<li>Its intelligent Viewfinder which gives a much enhanced shooting experience.</li>\r\n	<li>Capture vivid, detailed, high-resolution images with better dynamic range, lower noise and excellent control over depth of field thanks to a 24.2 Megapixel APS-C sensor.</li>\r\n	<li>19 all cross-type AF points for accurate subject tracking</li>\r\n	<li>A powerful DIGIC 6 processor delivers full resolution shooting at 5 fps &ndash; so you&rsquo;ll never miss that decisive moment.</li>\r\n	<li>Low light pictures without using flash thanks to a large ISO sensitivity range of ISO 100-12800 (extendable to ISO 25600)</li>\r\n</ul>\r\n\r\n<p>03 Years Service Warranty (No parts warranty)</p>\r\n\r\n<p>&nbsp;</p>\r\n\r\n<h2>What is the price of CANON EOS 750D DSLR CAMERA in Bangladesh?</h2>\r\n\r\n<p>The latest price of CANON EOS 750D DSLR CAMERA in Bangladesh is 48,000৳. You can buy the CANON EOS 750D DSLR CAMERA at best price from our website or visit any of our showrooms.</p>', 'product-image/CANON EOS 750D 24.2 MP WITH 18-55MM IS STM LENS FULL HD WI-FI DSLR CAMERA.jpg', 1, '2021-06-16 10:23:35', '2021-06-16 10:23:35'),
(19, 7, 18, 'NIKON D7500 20.9 MP WITH 18-140MM LENS 4K WI-FI BLUETOOTH TOUCHSCREEN DSLR CAMERA', 103000.00, 5, 'Key Features Model: Nikon D7500 20.9MP DX-Format CMOS Sensor EXPEED 5 Image Processor 3.2\" 922k-Dot Tilting Touchscreen LCD 4K UHD Video Recording at 30 fps', '<h2>Specification</h2>\r\n\r\n<table cellpadding=\"0\" cellspacing=\"0\">\r\n	<thead>\r\n		<tr>\r\n			<td colspan=\"3\">IMAGE SENSOR</td>\r\n		</tr>\r\n	</thead>\r\n	<tbody>\r\n		<tr>\r\n			<td>Type</td>\r\n			<td>CMOS, 23.5 x 15.6 mm</td>\r\n		</tr>\r\n		<tr>\r\n			<td>Pixels</td>\r\n			<td>Actual: 21.51 Megapixel<br />\r\n			Effective: 20.9 Megapixel</td>\r\n		</tr>\r\n		<tr>\r\n			<td>Aspect Ratio</td>\r\n			<td>3:2, 16:9</td>\r\n		</tr>\r\n	</tbody>\r\n	<thead>\r\n		<tr>\r\n			<td colspan=\"3\">Other Features</td>\r\n		</tr>\r\n	</thead>\r\n	<tbody>\r\n		<tr>\r\n			<td>Features</td>\r\n			<td>EXPEED 5 Image Processor</td>\r\n		</tr>\r\n	</tbody>\r\n	<thead>\r\n		<tr>\r\n			<td colspan=\"3\">FOCUSING</td>\r\n		</tr>\r\n	</thead>\r\n	<tbody>\r\n		<tr>\r\n			<td>Modes</td>\r\n			<td>Automatic (A), Continuous-Servo AF (C), Manual Focus (M), Single-servo AF (S)</td>\r\n		</tr>\r\n	</tbody>\r\n	<thead>\r\n		<tr>\r\n			<td colspan=\"3\">EXPOSURE CONTROL</td>\r\n		</tr>\r\n	</thead>\r\n	<tbody>\r\n		<tr>\r\n			<td>Metering Modes</td>\r\n			<td>Center-Weighted Average Metering, Matrix, Spot Metering, Highlight Weighted<br />\r\n			Metering Range: EV 3.0 to EV 20.0</td>\r\n		</tr>\r\n		<tr>\r\n			<td>ISO Sensitivity</td>\r\n			<td>Auto, 100 to 51200 (Extended Mode:50 to 1640000)</td>\r\n		</tr>\r\n	</tbody>\r\n	<thead>\r\n		<tr>\r\n			<td colspan=\"3\">SHUTTER</td>\r\n		</tr>\r\n	</thead>\r\n	<tbody>\r\n		<tr>\r\n			<td>Shutter Speed</td>\r\n			<td>30 Second</td>\r\n		</tr>\r\n	</tbody>\r\n	<thead>\r\n		<tr>\r\n			<td colspan=\"3\">SHOOTING</td>\r\n		</tr>\r\n	</thead>\r\n	<tbody>\r\n		<tr>\r\n			<td>Continuous Shooting</td>\r\n			<td>Up to 8 fps at 20.9 MP for up to 50 Frames in Raw Format<br />\r\n			Up to 8 fps at 20.9 MP for up to 100 Frames in JPEG Format</td>\r\n		</tr>\r\n	</tbody>\r\n	<thead>\r\n		<tr>\r\n			<td colspan=\"3\">FILE TYPE</td>\r\n		</tr>\r\n	</thead>\r\n	<tbody>\r\n		<tr>\r\n			<td>Image Type</td>\r\n			<td>Still Images: JPEG, RAW</td>\r\n		</tr>\r\n		<tr>\r\n			<td>Movie Type</td>\r\n			<td>AVC/H.264, MOV, MP4</td>\r\n		</tr>\r\n	</tbody>\r\n	<thead>\r\n		<tr>\r\n			<td colspan=\"3\">LCD MONITOR</td>\r\n		</tr>\r\n	</thead>\r\n	<tbody>\r\n		<tr>\r\n			<td>Type</td>\r\n			<td>3.2&quot; Rear Touchscreen Tilting LCD (922,000)</td>\r\n		</tr>\r\n		<tr>\r\n			<td>Viewing Angle</td>\r\n			<td>170.0&deg;</td>\r\n		</tr>\r\n	</tbody>\r\n	<thead>\r\n		<tr>\r\n			<td colspan=\"3\">STORAGE</td>\r\n		</tr>\r\n	</thead>\r\n	<tbody>\r\n		<tr>\r\n			<td>Storage Type</td>\r\n			<td>SD<br />\r\n			SDHC<br />\r\n			SDXC</td>\r\n		</tr>\r\n	</tbody>\r\n	<thead>\r\n		<tr>\r\n			<td colspan=\"3\">FLASH</td>\r\n		</tr>\r\n	</thead>\r\n	<tbody>\r\n		<tr>\r\n			<td>Built-in Flash</td>\r\n			<td>Yes</td>\r\n		</tr>\r\n		<tr>\r\n			<td>Red-Eye Reduction</td>\r\n			<td>Red-Eye Reduction<br />\r\n			Fill-In<br />\r\n			Slow Sync/Red-Eye Reduction<br />\r\n			Off<br />\r\n			Slow Sync<br />\r\n			Rear Curtain/Slow Sync<br />\r\n			Auto/Red-Eye Reduction<br />\r\n			Rear Sync<br />\r\n			Auto</td>\r\n		</tr>\r\n		<tr>\r\n			<td>External Flash Compatibility</td>\r\n			<td>Hot Shoe</td>\r\n		</tr>\r\n	</tbody>\r\n	<thead>\r\n		<tr>\r\n			<td colspan=\"3\">POWER SOURCE</td>\r\n		</tr>\r\n	</thead>\r\n	<tbody>\r\n		<tr>\r\n			<td>Batteries</td>\r\n			<td>1 x EN-EL15a Rechargeable Lithium-Ion Battery Pack</td>\r\n		</tr>\r\n	</tbody>\r\n	<thead>\r\n		<tr>\r\n			<td colspan=\"3\">PHYSICAL SPECIFICATIONS</td>\r\n		</tr>\r\n	</thead>\r\n	<tbody>\r\n		<tr>\r\n			<td>Dimensions (W x H x D)</td>\r\n			<td>5.3 x 4.1 x 2.9&quot; / 135.5 x 104.0 x 72.5 mm</td>\r\n		</tr>\r\n		<tr>\r\n			<td>Weight (Body Only)</td>\r\n			<td>1.41 lb / 640 g body only</td>\r\n		</tr>\r\n	</tbody>\r\n	<thead>\r\n		<tr>\r\n			<td colspan=\"3\">LENS</td>\r\n		</tr>\r\n	</thead>\r\n	<tbody>\r\n		<tr>\r\n			<td>Focal Length</td>\r\n			<td>18 to 140mm<br />\r\n			Comparable 35mm Focal Length: 27 to 210 mm</td>\r\n		</tr>\r\n		<tr>\r\n			<td>Maximum Aperture</td>\r\n			<td>Maximum: f/3.5 to 5.6<br />\r\n			Minimum: f/22 to 38</td>\r\n		</tr>\r\n	</tbody>\r\n	<thead>\r\n		<tr>\r\n			<td colspan=\"3\">Manufacture Warranty</td>\r\n		</tr>\r\n	</thead>\r\n	<tbody>\r\n		<tr>\r\n			<td>Warranty</td>\r\n			<td>03 Years Service Warranty (No parts warranty)</td>\r\n		</tr>\r\n	</tbody>\r\n</table>\r\n\r\n<h2>Description</h2>\r\n\r\n<h2>NIKON D7500 20.9 MP WITH 18-140MM LENS 4K WI-FI BLUETOOTH TOUCHSCREEN DSLR CAMERA</h2>\r\n\r\n<p>Nikon D7500 is a DX-format DSLR offering a versatile feature-set to appeal to photographers and videographers alike. Based on a 20.9MP CMOS sensor and EXPEED 5 image processor, this multimedia maven avails an 8 fps continuous shooting rate for up to 100 consecutive JPEGS, a native sensitivity range to ISO 51,200 that can be expanded up to ISO 1,640,000, and 4K UHD video and time-lapse recording capabilities. Complementing the imaging capabilities is a 51-point Multi-CAM 3500FX II autofocus system, which features 15 cross-type points for fast performance and accurate subject tracking capabilities in a variety of lighting conditions.</p>\r\n\r\n<p>&nbsp;</p>\r\n\r\n<p>Balancing the performance attributes, the D7500 is also characterized by its sleek profile and monocoque construction that is comfortable and easy to handle. This physical design is also fully weather-sealed to permit working in harsh environmental conditions. In addition to the pentaprism optical viewfinder, a rear 3.2&quot; 922k-dot touchscreen is also featured, and has a tilting design to benefit working from high and low shooting angles. Additionally, SnapBridge Bluetooth and Wi-Fi permit wireless transferring of photos and movies and remote control over the camera from linked mobile devices.This Nikon DSLR camera provides 03 Years Service Warranty (No parts warranty)</p>\r\n\r\n<h2>What is the price of NIKON D7500 20.9 MP TOUCHSCREEN DSLR CAMERA in Bangladesh?</h2>\r\n\r\n<p>The latest price of NIKON D7500 20.9 MP TOUCHSCREEN DSLR CAMERA in Bangladesh is 103,000৳. You can buy the NIKON D7500 20.9 MP TOUCHSCREEN DSLR CAMERA at best price from our website or visit any of our showrooms.</p>', 'product-image/NIKON D7500 20.9 MP WITH 18-140MM LENS 4K WI-FI BLUETOOTH TOUCHSCREEN DSLR CAMERA.jpg', 1, '2021-06-16 10:24:38', '2021-06-16 10:24:38'),
(20, 7, 19, 'Panasonic Lumix GH5 20.3MP 4K Wi-Fi Bluetooth Touchscreen Mirrorless Camera With 12-60mm Lens', 120000.00, 2, 'Key Features MPN: DC-GH5LK Model: Panasonic Lumix GH5 20.3MP Digital Live MOS Sensor & Venus Engine 0.3MP Micro Four Thirds sensor Dual I.S. 2 Wi-Fi + Bluetooth', '<h2>Specification</h2>\r\n\r\n<table cellpadding=\"0\" cellspacing=\"0\">\r\n	<thead>\r\n		<tr>\r\n			<td colspan=\"3\">IMAGE SENSOR</td>\r\n		</tr>\r\n	</thead>\r\n	<tbody>\r\n		<tr>\r\n			<td>Type</td>\r\n			<td>MOS</td>\r\n		</tr>\r\n		<tr>\r\n			<td>Pixels</td>\r\n			<td>Actual: 21.77 Megapixel<br />\r\n			Effective: 20.3 Megapixel</td>\r\n		</tr>\r\n		<tr>\r\n			<td>Aspect Ratio</td>\r\n			<td>1:1, 3:2, 4:3, 16:9</td>\r\n		</tr>\r\n	</tbody>\r\n	<thead>\r\n		<tr>\r\n			<td colspan=\"3\">Other Features</td>\r\n		</tr>\r\n	</thead>\r\n	<tbody>\r\n		<tr>\r\n			<td>Features</td>\r\n			<td>Venus Engine Image Processor<br />\r\n			Internal 4:2:2 10-Bit 4K Video at 24/30p</td>\r\n		</tr>\r\n	</tbody>\r\n	<thead>\r\n		<tr>\r\n			<td colspan=\"3\">FOCUSING</td>\r\n		</tr>\r\n	</thead>\r\n	<tbody>\r\n		<tr>\r\n			<td>Modes</td>\r\n			<td>Continuous-Servo AF (C), Flexible (AFF), Manual Focus (M), Single-Servo AF (S)</td>\r\n		</tr>\r\n	</tbody>\r\n	<thead>\r\n		<tr>\r\n			<td colspan=\"3\">EXPOSURE CONTROL</td>\r\n		</tr>\r\n	</thead>\r\n	<tbody>\r\n		<tr>\r\n			<td>Metering Modes</td>\r\n			<td>Aperture Priority, Manual, Program, Shutter Priority<br />\r\n			(Center-Weighted Average, Multiple, Spot)</td>\r\n		</tr>\r\n		<tr>\r\n			<td>ISO Sensitivity</td>\r\n			<td>Auto, 200 to 25600 (Extended: 100 to 25600)</td>\r\n		</tr>\r\n	</tbody>\r\n	<thead>\r\n		<tr>\r\n			<td colspan=\"3\">SHUTTER</td>\r\n		</tr>\r\n	</thead>\r\n	<tbody>\r\n		<tr>\r\n			<td>Shutter Speed</td>\r\n			<td>Electronic Front Curtain Shutter<br />\r\n			1/8000 to 60 Seconds<br />\r\n			1 to 30 Minutes in Bulb Mode<br />\r\n			1/16000 to 1/24 Second in Movie Mode<br />\r\n			Electronic Shutter<br />\r\n			1/16000 to 1 Second</td>\r\n		</tr>\r\n	</tbody>\r\n	<thead>\r\n		<tr>\r\n			<td colspan=\"3\">SHOOTING</td>\r\n		</tr>\r\n	</thead>\r\n	<tbody>\r\n		<tr>\r\n			<td>Continuous Shooting</td>\r\n			<td>Up to 12 fps at 20.3 MP<br />\r\n			Up to 30 fps at 18 MP<br />\r\n			Up to 60 fps at 8 MP</td>\r\n		</tr>\r\n	</tbody>\r\n	<thead>\r\n		<tr>\r\n			<td colspan=\"3\">LCD MONITOR</td>\r\n		</tr>\r\n	</thead>\r\n	<tbody>\r\n		<tr>\r\n			<td>Type</td>\r\n			<td>21 mm TTL Articulating Touchscreen LCD, approx. 1620K dots</td>\r\n		</tr>\r\n	</tbody>\r\n	<thead>\r\n		<tr>\r\n			<td colspan=\"3\">STORAGE</td>\r\n		</tr>\r\n	</thead>\r\n	<tbody>\r\n		<tr>\r\n			<td>Storage Type</td>\r\n			<td>Dual Slot: SD/SDHC/SDXC (UHS-II)</td>\r\n		</tr>\r\n	</tbody>\r\n	<thead>\r\n		<tr>\r\n			<td colspan=\"3\">FLASH</td>\r\n		</tr>\r\n	</thead>\r\n	<tbody>\r\n		<tr>\r\n			<td>Red-Eye Reduction</td>\r\n			<td>Yes</td>\r\n		</tr>\r\n		<tr>\r\n			<td>External Flash Compatibility</td>\r\n			<td>Hot Shoe, PC Terminal</td>\r\n		</tr>\r\n	</tbody>\r\n	<thead>\r\n		<tr>\r\n			<td colspan=\"3\">POWER SOURCE</td>\r\n		</tr>\r\n	</thead>\r\n	<tbody>\r\n		<tr>\r\n			<td>Batteries</td>\r\n			<td>1 x DMW-BLF19 Rechargeable Lithium-Ion<br />\r\n			7.2 VDC<br />\r\n			1860 mAh</td>\r\n		</tr>\r\n	</tbody>\r\n	<thead>\r\n		<tr>\r\n			<td colspan=\"3\">PHYSICAL SPECIFICATIONS</td>\r\n		</tr>\r\n	</thead>\r\n	<tbody>\r\n		<tr>\r\n			<td>Dimensions (W x H x D)</td>\r\n			<td>5.5 x 3.9 x 3.4&quot; / 138.5 x 98.1 x 87.4 mm</td>\r\n		</tr>\r\n		<tr>\r\n			<td>Weight (Body Only)</td>\r\n			<td>1.59 lb / 725 g (Body with Battery and Memory)</td>\r\n		</tr>\r\n	</tbody>\r\n	<thead>\r\n		<tr>\r\n			<td colspan=\"3\">LENS</td>\r\n		</tr>\r\n	</thead>\r\n	<tbody>\r\n		<tr>\r\n			<td>Lens Mount</td>\r\n			<td>Micro Four Thirds</td>\r\n		</tr>\r\n		<tr>\r\n			<td>Focal Length</td>\r\n			<td>12-60mm</td>\r\n		</tr>\r\n		<tr>\r\n			<td>Description</td>\r\n			<td>Exposure Compensation: -5 to +5 EV (1/3 EV Steps)</td>\r\n		</tr>\r\n	</tbody>\r\n	<thead>\r\n		<tr>\r\n			<td colspan=\"3\">Manufacture Warranty</td>\r\n		</tr>\r\n	</thead>\r\n	<tbody>\r\n		<tr>\r\n			<td>Warranty</td>\r\n			<td>03 Years Service Warranty</td>\r\n		</tr>\r\n	</tbody>\r\n</table>\r\n\r\n<h2>Description</h2>\r\n\r\n<h2>Panasonic Lumix GH5 20.3MP 4K Wi-Fi Bluetooth Touchscreen Mirrorless Camera With 12-60mm Lens</h2>\r\n\r\n<p>Recently developed 20.3MP Digital Live MOS sensor without an optical low-pass filter and a new Venus Engine processor, the GH5 claims to produce the best image quality to date from a Lumix camera. The GH5 is an exceptionally capable video camera in addition to its outstanding stills capabilities. The flagship feature is UHD 4K video at up to 60 fps, though another excellent spec is the ability to record 4:2:2 10-bit files at resolutions up to DCI and UHD 4K at 24/30 fps. A full-size HDMI port is present on the camera for high-quality output at 4:2:2 10-bit in all settings for use with external monitors and recorders. The camera also offers high bit-rate recording for highly detailed images free of compression artifacts. Dual I.S. 2 combines the GH5&#39;s sensor-shift image stabilization technology with lens-based image stabilization to compensate for a broader range of movement types to render sharper, clearer imagery. Dual I.S. 2 requires the use of compatible Lumix lenses featuring O.I.S. This stabilization system is able to compensate for approximately 5 stops of camera shake. It also features 225 AF areas which provide excellent control over where the camera will focus. Additionally, supporting working in low-light conditions, a Starlight AF feature enables accurate AF performance down to -4 EV.</p>\r\n\r\n<p>This Panasonic Lumix GH5 comes with 03 years service warranty.</p>\r\n\r\n<h2>What is the price of Panasonic Lumix GH5 20.3MP 4K Wi-Fi Bluetooth Touchscreen Mirrorless Camera in Bangladesh?</h2>\r\n\r\n<p>The latest price of Panasonic Lumix GH5 20.3MP 4K Wi-Fi Bluetooth Touchscreen Mirrorless Camera in Bangladesh is 120,000৳. You can buy the Panasonic Lumix GH5 20.3MP 4K Wi-Fi Bluetooth Touchscreen Mirrorless Camera at best price from our website or visit any of our showrooms.</p>', 'product-image/Panasonic Lumix GH5 20.3MP 4K Wi-Fi Bluetooth Touchscreen Mirrorless Camera With 12-60mm Lens.jpg', 1, '2021-06-16 10:25:48', '2021-06-16 10:25:48'),
(21, 7, 20, 'Sony A7 II ALPHA MIRRORLESS DIGITAL CAMERA (Only Body)', 88900.00, 6, 'Key Features Model: Sony A7 II ALPHA 5-axis image stabilization BIONZ X image processing engine 35 mm 24.3 MP 7 Exmor CMOS sensor High-resolution OLED Tru-Finder', '<h2>Specification</h2>\r\n\r\n<table cellpadding=\"0\" cellspacing=\"0\">\r\n	<thead>\r\n		<tr>\r\n			<td colspan=\"3\">IMAGE SENSOR</td>\r\n		</tr>\r\n	</thead>\r\n	<tbody>\r\n		<tr>\r\n			<td>Type</td>\r\n			<td>35 mm</td>\r\n		</tr>\r\n		<tr>\r\n			<td>Pixels</td>\r\n			<td>24.3MP</td>\r\n		</tr>\r\n		<tr>\r\n			<td>Aspect Ratio</td>\r\n			<td>3 : 2</td>\r\n		</tr>\r\n	</tbody>\r\n	<thead>\r\n		<tr>\r\n			<td colspan=\"3\">Other Features</td>\r\n		</tr>\r\n	</thead>\r\n	<tbody>\r\n		<tr>\r\n			<td>Features</td>\r\n			<td>BIONZ X image processing engine</td>\r\n		</tr>\r\n	</tbody>\r\n	<thead>\r\n		<tr>\r\n			<td colspan=\"3\">FOCUSING</td>\r\n		</tr>\r\n	</thead>\r\n	<tbody>\r\n		<tr>\r\n			<td>AF Point</td>\r\n			<td>35 mm full frame: 117 points (phase-detection AF)<br />\r\n			APS-C: 99 points (phase-detection AF) / 25 points (contrast-detection AF)</td>\r\n		</tr>\r\n		<tr>\r\n			<td>Modes</td>\r\n			<td>Fast Hybrid AF (phase-detection AF/contrast-detection AF)</td>\r\n		</tr>\r\n	</tbody>\r\n	<thead>\r\n		<tr>\r\n			<td colspan=\"3\">EXPOSURE CONTROL</td>\r\n		</tr>\r\n	</thead>\r\n	<tbody>\r\n		<tr>\r\n			<td>Metering Modes</td>\r\n			<td>1200-zone evaluative metering<br />\r\n			&nbsp;</td>\r\n		</tr>\r\n		<tr>\r\n			<td>ISO Sensitivity</td>\r\n			<td>EV -1 to EV 20 (at ISO 100 equivalent with F2.0 lens attached)</td>\r\n		</tr>\r\n	</tbody>\r\n	<thead>\r\n		<tr>\r\n			<td colspan=\"3\">SHUTTER</td>\r\n		</tr>\r\n	</thead>\r\n	<tbody>\r\n		<tr>\r\n			<td>Shutter Speed</td>\r\n			<td>Movies: 1/8000 to 1/4 (1/3 step), up to 1/60 in AUTO mode (up to 1/30 in Auto Slow Shutter mode)<br />\r\n			Still images: 1/8000 to 30 s, Bulb</td>\r\n		</tr>\r\n	</tbody>\r\n	<thead>\r\n		<tr>\r\n			<td colspan=\"3\">SHOOTING</td>\r\n		</tr>\r\n	</thead>\r\n	<tbody>\r\n		<tr>\r\n			<td>Color Space</td>\r\n			<td>sRGB standard (with sYCC gamut) and Adobe&reg; RGB standard compatible with TRILUMINOS Color</td>\r\n		</tr>\r\n	</tbody>\r\n	<thead>\r\n		<tr>\r\n			<td colspan=\"3\">FILE TYPE</td>\r\n		</tr>\r\n	</thead>\r\n	<tbody>\r\n		<tr>\r\n			<td>Image Type</td>\r\n			<td>AVCHD / MP4 / XAVC S</td>\r\n		</tr>\r\n		<tr>\r\n			<td>Image Size</td>\r\n			<td>IMAGE SIZE (PIXELS), 3:2- 35 mm full frame L: 6000 x 4000 (24M), M: 3936 x 2624 (10M), S: 3008 x 2000 (6.0M)<br />\r\n			APS-C L: 3936 x 2624 (10M), M: 3008 x 2000 (6.0M), S: 1968 x 1312 (2.6M)<br />\r\n			IMAGE SIZE (PIXELS), 16:9- 35 mm full frame L: 6000 x 3376 (20M), M: 3936 x 2216 (8.7M), S: 3008 x 1688 (5.1M)<br />\r\n			APS-C L: 3936 x 2216 (8.7M), M: 3008 x 1688 (5.1M), S: 1968 x 1112 (2.2M)<br />\r\n			&nbsp;</td>\r\n		</tr>\r\n		<tr>\r\n			<td>Movie Type</td>\r\n			<td>AVCHD 2.0 / MP4 / XAVC S (up to 1920 x 1080/60p 50 Mbps)</td>\r\n		</tr>\r\n		<tr>\r\n			<td>Movie size</td>\r\n			<td>AVCHD 2.0 / MP4 / XAVC S (up to 1920 x 1080/60p 50 Mbps)</td>\r\n		</tr>\r\n	</tbody>\r\n	<thead>\r\n		<tr>\r\n			<td colspan=\"3\">LCD MONITOR</td>\r\n		</tr>\r\n	</thead>\r\n	<tbody>\r\n		<tr>\r\n			<td>Type</td>\r\n			<td>3.0 in type TFT LCD</td>\r\n		</tr>\r\n		<tr>\r\n			<td>Viewing Angle</td>\r\n			<td>Up approx. 90 degrees, down approx. 45 degrees</td>\r\n		</tr>\r\n	</tbody>\r\n	<thead>\r\n		<tr>\r\n			<td colspan=\"3\">FLASH</td>\r\n		</tr>\r\n	</thead>\r\n	<tbody>\r\n		<tr>\r\n			<td>External Flash Compatibility</td>\r\n			<td>Yes</td>\r\n		</tr>\r\n	</tbody>\r\n	<thead>\r\n		<tr>\r\n			<td colspan=\"3\">POWER SOURCE</td>\r\n		</tr>\r\n	</thead>\r\n	<tbody>\r\n		<tr>\r\n			<td>Batteries</td>\r\n			<td>NP-FW50 W-series Rechargeable Battery Pack</td>\r\n		</tr>\r\n	</tbody>\r\n	<thead>\r\n		<tr>\r\n			<td colspan=\"3\">PHYSICAL SPECIFICATIONS</td>\r\n		</tr>\r\n	</thead>\r\n	<tbody>\r\n		<tr>\r\n			<td>Dimensions (W x H x D)</td>\r\n			<td>2.63 x 4.72 x 1.92 in</td>\r\n		</tr>\r\n		<tr>\r\n			<td>Weight (Body Only)</td>\r\n			<td>12.73 oz</td>\r\n		</tr>\r\n	</tbody>\r\n	<thead>\r\n		<tr>\r\n			<td colspan=\"3\">LENS</td>\r\n		</tr>\r\n	</thead>\r\n	<tbody>\r\n		<tr>\r\n			<td>Lens Mount</td>\r\n			<td>Sony E-mount lenses</td>\r\n		</tr>\r\n		<tr>\r\n			<td>Description</td>\r\n			<td><br />\r\n			&nbsp;</td>\r\n		</tr>\r\n	</tbody>\r\n	<thead>\r\n		<tr>\r\n			<td colspan=\"3\">Manufacture Warranty</td>\r\n		</tr>\r\n	</thead>\r\n	<tbody>\r\n		<tr>\r\n			<td>Warranty</td>\r\n			<td>03 Years Service Warranty (No parts warranty)</td>\r\n		</tr>\r\n	</tbody>\r\n</table>\r\n\r\n<h2>Description</h2>\r\n\r\n<h2>Sony A7 II ALPHA MIRRORLESS DIGITAL CAMERA (Only Body)</h2>\r\n\r\n<p>Now you can fully express your vision with full-frame quality and cutting-edge camera shake compensation compatible with wide-ranging lenses. 5-axis image stabilization lets you zoom, snap close-ups and capture night scenes with greater clarity. Compensation is equivalent to using a 4.5-step4 faster shutter speed. Enjoy unparalleled handheld shooting freedom with more of your favorite lenses. The short flange-back distance in the E-mount &alpha;7 II contributes to broad lens compatibility. Whenever fleeting photo opportunities arise, you can always depend on state-of-the-art Fast Hybrid AF. Highly sophisticated Fast Hybrid AF delivers extremely high-speed response, highly accurate prediction, and wide area coverage for autofocus and tracking you can always depend on. Images are gorgeous from corner to corner, courtesy of Sony&rsquo;s 35 mm full-frame Exmor CMOS image sensor and BIONZ X image processing engine. Stunning 24.3-megapixel resolution, low noise, extremely wide dynamic range, and subtle gradations. High-speed processing faithfully reproduces textures and details in real time, as seen by the naked eye. Now more format options to choose from, for unbeatable quality and range of tonal nuance. Create movies of breathtaking visual and sound quality with exquisite background blur and the sensitivity to bring dark scenes to vibrant life. For extremely high image quality and minimal noise, record movies in the high-bit-rate XAVC S format, which enables Full HD image recording at 50 Mbps (60p/50p, 30p/25p, 24p). Sony broadens your photographic horizons with an expanded lineup of full-frame A-mount and E-mount lenses offering incomparable performance. Connect the camera to a smartphone or tablet with one touch! Further expand your shooting pleasure and give your photography a professional edge with accessories specially designed for this model. PlayMemories Online is Sony&#39;s cloud-based photo and video service. Back up your amazing photos taken with your camera to the cloud and access them easily from your smartphone or other devices. Elevate your photography with Imaging Edge desktop applications. Use &quot;Remote&quot; to control and monitor shooting live on your PC screen; &quot;Viewer&quot; to quickly preview, rate, and select photos from large image libraries; and &quot;Edit&quot; to develop RAW data into high-quality photos for delivery. Get the best from Sony RAW files, and manage your productions more efficiently. Capture One Express (for Sony) is a free award-winning editing software that provides RAW development, easy management and powerful editing tools. Capture One Pro (for Sony) can be bought for even more editing tools and tethered shooting capability.</p>', 'product-image/Sony A7 II ALPHA MIRRORLESS DIGITAL CAMERA (Only Body).jpg', 1, '2021-06-16 10:26:47', '2021-06-16 10:26:47'),
(22, 4, 20, 'test', 5000.00, 4, 'afsdfdfafffffffffffffffffff', '<p>fffffffffffffffffffffffffff</p>', 'product-image/test.png', 0, '2021-06-16 21:37:57', '2021-06-16 21:42:40');

-- --------------------------------------------------------

--
-- Table structure for table `shippings`
--

CREATE TABLE `shippings` (
  `id` int(10) UNSIGNED NOT NULL,
  `full_name` varchar(255) COLLATE utf8mb4_unicode_ci NOT NULL,
  `email_address` varchar(255) COLLATE utf8mb4_unicode_ci NOT NULL,
  `phone` varchar(255) COLLATE utf8mb4_unicode_ci NOT NULL,
  `address` text COLLATE utf8mb4_unicode_ci NOT NULL,
  `created_at` timestamp NULL DEFAULT NULL,
  `updated_at` timestamp NULL DEFAULT NULL
) ENGINE=InnoDB DEFAULT CHARSET=utf8mb4 COLLATE=utf8mb4_unicode_ci;

--
-- Dumping data for table `shippings`
--

INSERT INTO `shippings` (`id`, `full_name`, `email_address`, `phone`, `address`, `created_at`, `updated_at`) VALUES
(1, 'Md. Afiqur Rahman', 'rafihossain.sr@gmail.com', '+8801770105856', 'Shahjadpur, Sirajgonj', '2021-06-20 03:25:14', '2021-06-20 03:25:14'),
(2, 'Md. Rubel Islam', 'rubel@gmail.com', '01789562354', 'Pabna, Rajshahi', '2021-06-20 03:36:01', '2021-06-20 03:36:01'),
(3, 'Unknown Person', 'unknown@person.com', '01234567890', 'n/a', '2021-06-22 14:17:39', '2021-06-22 14:17:39'),
(4, 'asd asdl', 'asd@asd.asd', '123456', 'asawda', '2021-07-03 07:32:41', '2021-07-03 07:32:41'),
(5, 'Md. Afiqur Rahman', 'rafihossain.sr@gmail.com', '+8801770105856', 'Shahjadpur, Sirajgonj', '2021-08-16 03:51:44', '2021-08-16 03:51:44');

-- --------------------------------------------------------

--
-- Table structure for table `users`
--

CREATE TABLE `users` (
  `id` int(10) UNSIGNED NOT NULL,
  `name` varchar(255) COLLATE utf8mb4_unicode_ci NOT NULL,
  `email` varchar(255) COLLATE utf8mb4_unicode_ci NOT NULL,
  `password` varchar(255) COLLATE utf8mb4_unicode_ci NOT NULL,
  `remember_token` varchar(100) COLLATE utf8mb4_unicode_ci DEFAULT NULL,
  `created_at` timestamp NULL DEFAULT NULL,
  `updated_at` timestamp NULL DEFAULT NULL
) ENGINE=InnoDB DEFAULT CHARSET=utf8mb4 COLLATE=utf8mb4_unicode_ci;

--
-- Dumping data for table `users`
--

INSERT INTO `users` (`id`, `name`, `email`, `password`, `remember_token`, `created_at`, `updated_at`) VALUES
(1, 'Rafi Hossain', 'rafi@gmail.com', '$2y$10$mFgEYiJ56yAd6r009A31cO7BRp9DAmi6ExG49VJtDmSzEcZHqUcXm', '7APqMHpeSjEqWtdfOUeZ0nKlaa4VAaAGETHWMmn6EhL1Y8zB9BKmunyZpPHG', '2021-06-08 12:10:09', '2021-06-08 12:10:09');

--
-- Indexes for dumped tables
--

--
-- Indexes for table `brands`
--
ALTER TABLE `brands`
  ADD PRIMARY KEY (`id`);

--
-- Indexes for table `categories`
--
ALTER TABLE `categories`
  ADD PRIMARY KEY (`id`);

--
-- Indexes for table `customers`
--
ALTER TABLE `customers`
  ADD PRIMARY KEY (`id`);

--
-- Indexes for table `migrations`
--
ALTER TABLE `migrations`
  ADD PRIMARY KEY (`id`);

--
-- Indexes for table `orders`
--
ALTER TABLE `orders`
  ADD PRIMARY KEY (`id`);

--
-- Indexes for table `order_details`
--
ALTER TABLE `order_details`
  ADD PRIMARY KEY (`id`);

--
-- Indexes for table `password_resets`
--
ALTER TABLE `password_resets`
  ADD KEY `password_resets_email_index` (`email`);

--
-- Indexes for table `payments`
--
ALTER TABLE `payments`
  ADD PRIMARY KEY (`id`);

--
-- Indexes for table `products`
--
ALTER TABLE `products`
  ADD PRIMARY KEY (`id`);

--
-- Indexes for table `shippings`
--
ALTER TABLE `shippings`
  ADD PRIMARY KEY (`id`);

--
-- Indexes for table `users`
--
ALTER TABLE `users`
  ADD PRIMARY KEY (`id`),
  ADD UNIQUE KEY `users_email_unique` (`email`);

--
-- AUTO_INCREMENT for dumped tables
--

--
-- AUTO_INCREMENT for table `brands`
--
ALTER TABLE `brands`
  MODIFY `id` int(10) UNSIGNED NOT NULL AUTO_INCREMENT, AUTO_INCREMENT=21;

--
-- AUTO_INCREMENT for table `categories`
--
ALTER TABLE `categories`
  MODIFY `id` int(10) UNSIGNED NOT NULL AUTO_INCREMENT, AUTO_INCREMENT=14;

--
-- AUTO_INCREMENT for table `customers`
--
ALTER TABLE `customers`
  MODIFY `id` int(10) UNSIGNED NOT NULL AUTO_INCREMENT, AUTO_INCREMENT=10;

--
-- AUTO_INCREMENT for table `migrations`
--
ALTER TABLE `migrations`
  MODIFY `id` int(10) UNSIGNED NOT NULL AUTO_INCREMENT, AUTO_INCREMENT=11;

--
-- AUTO_INCREMENT for table `orders`
--
ALTER TABLE `orders`
  MODIFY `id` int(10) UNSIGNED NOT NULL AUTO_INCREMENT, AUTO_INCREMENT=5;

--
-- AUTO_INCREMENT for table `order_details`
--
ALTER TABLE `order_details`
  MODIFY `id` int(10) UNSIGNED NOT NULL AUTO_INCREMENT, AUTO_INCREMENT=8;

--
-- AUTO_INCREMENT for table `payments`
--
ALTER TABLE `payments`
  MODIFY `id` int(10) UNSIGNED NOT NULL AUTO_INCREMENT, AUTO_INCREMENT=5;

--
-- AUTO_INCREMENT for table `products`
--
ALTER TABLE `products`
  MODIFY `id` int(10) UNSIGNED NOT NULL AUTO_INCREMENT, AUTO_INCREMENT=23;

--
-- AUTO_INCREMENT for table `shippings`
--
ALTER TABLE `shippings`
  MODIFY `id` int(10) UNSIGNED NOT NULL AUTO_INCREMENT, AUTO_INCREMENT=6;

--
-- AUTO_INCREMENT for table `users`
--
ALTER TABLE `users`
  MODIFY `id` int(10) UNSIGNED NOT NULL AUTO_INCREMENT, AUTO_INCREMENT=2;
COMMIT;

/*!40101 SET CHARACTER_SET_CLIENT=@OLD_CHARACTER_SET_CLIENT */;
/*!40101 SET CHARACTER_SET_RESULTS=@OLD_CHARACTER_SET_RESULTS */;
/*!40101 SET COLLATION_CONNECTION=@OLD_COLLATION_CONNECTION */;
